Time(s),Lick,ArtSal,Chocolate,Quinine,NaCl,Sucrose,Peanut,Acid
0,0,0,0,0,0,0,0,0
4.0694,1,1,0,0,0,0,0,0
4.079,0,0,0,0,0,0,0,0
34.602,1,0,0,0,0,0,0,0
34.612,0,0,0,0,0,0,0,0
61.2916,1,0,0,0,0,0,0,0
61.302,0,0,0,0,0,0,0,0
61.4046,1,0,0,0,0,0,0,0
61.415,0,0,0,0,0,0,0,0
61.5356,1,1,0,0,0,0,0,0
61.546,0,0,0,0,0,0,0,0
61.8366,1,0,0,0,0,0,0,0
61.847,0,0,0,0,0,0,0,0
61.9856,1,0,0,0,0,0,0,0
61.996,0,0,0,0,0,0,0,0
62.1416,1,0,0,0,0,0,0,0
62.152,0,0,0,0,0,0,0,0
62.3016,1,1,0,0,0,0,0,0
62.312,0,0,0,0,0,0,0,0
62.4446,1,0,0,0,0,0,0,0
62.455,0,0,0,0,0,0,0,0
62.5796,1,0,0,0,0,0,0,0
62.59,0,0,0,0,0,0,0,0
62.7596,1,0,0,0,0,0,0,0
62.77,0,0,0,0,0,0,0,0
62.9276,1,0,0,0,0,0,0,0
62.938,0,0,0,0,0,0,0,0
63.0426,1,0,0,0,0,0,0,0
63.053,0,0,0,0,0,0,0,0
63.1786,1,1,0,0,0,0,0,0
63.189,0,0,0,0,0,0,0,0
63.3636,1,0,0,0,0,0,0,0
63.374,0,0,0,0,0,0,0,0
63.5296,1,0,0,0,0,0,0,0
63.54,0,0,0,0,0,0,0,0
63.6986,1,0,0,0,0,0,0,0
63.709,0,0,0,0,0,0,0,0
63.8536,1,0,0,0,0,0,0,0
63.864,0,0,0,0,0,0,0,0
64.0216,1,1,0,0,0,0,0,0
64.032,0,0,0,0,0,0,0,0
64.1936,1,0,0,0,0,0,0,0
64.204,0,0,0,0,0,0,0,0
64.3906,1,0,0,0,0,0,0,0
64.401,0,0,0,0,0,0,0,0
64.5076,1,0,0,0,0,0,0,0
64.518,0,0,0,0,0,0,0,0
64.7156,1,0,0,0,0,0,0,0
64.726,0,0,0,0,0,0,0,0
64.8356,1,0,0,0,0,0,0,0
64.846,0,0,0,0,0,0,0,0
65.0136,1,1,0,0,0,0,0,0
65.024,0,0,0,0,0,0,0,0
66.3836,1,0,0,0,0,0,0,0
66.394,0,0,0,0,0,0,0,0
66.5176,1,0,0,0,0,0,0,0
66.528,0,0,0,0,0,0,0,0
66.6786,1,0,0,0,0,0,0,0
66.689,0,0,0,0,0,0,0,0
66.8376,1,0,0,0,0,0,0,0
66.848,0,0,0,0,0,0,0,0
66.9626,1,1,0,0,0,0,0,0
66.973,0,0,0,0,0,0,0,0
67.1526,1,0,0,0,0,0,0,0
67.163,0,0,0,0,0,0,0,0
67.3616,1,0,0,0,0,0,0,0
67.372,0,0,0,0,0,0,0,0
67.5106,1,0,0,0,0,0,0,0
67.521,0,0,0,0,0,0,0,0
67.6496,1,1,0,0,0,0,0,0
67.66,0,0,0,0,0,0,0,0
67.8136,1,0,0,0,0,0,0,0
67.824,0,0,0,0,0,0,0,0
67.9986,1,0,0,0,0,0,0,0
68.009,0,0,0,0,0,0,0,0
68.1566,1,0,0,0,0,0,0,0
68.167,0,0,0,0,0,0,0,0
68.3006,1,0,0,0,0,0,0,0
68.311,0,0,0,0,0,0,0,0
68.4576,1,1,0,0,0,0,0,0
68.468,0,0,0,0,0,0,0,0
68.6386,1,0,0,0,0,0,0,0
68.649,0,0,0,0,0,0,0,0
68.8326,1,0,0,0,0,0,0,0
68.843,0,0,0,0,0,0,0,0
68.9596,1,0,0,0,0,0,0,0
68.97,0,0,0,0,0,0,0,0
69.1276,1,0,0,0,0,0,0,0
69.138,0,0,0,0,0,0,0,0
69.2806,1,1,0,0,0,0,0,0
69.291,0,0,0,0,0,0,0,0
69.4616,1,0,0,0,0,0,0,0
69.472,0,0,0,0,0,0,0,0
69.6396,1,0,0,0,0,0,0,0
69.65,0,0,0,0,0,0,0,0
69.8126,1,0,0,0,0,0,0,0
69.823,0,0,0,0,0,0,0,0
69.9676,1,0,0,0,0,0,0,0
69.978,0,0,0,0,0,0,0,0
70.1216,1,1,0,0,0,0,0,0
70.132,0,0,0,0,0,0,0,0
70.3158,1,0,0,0,0,0,0,0
70.326,0,0,0,0,0,0,0,0
70.5348,1,0,0,0,0,0,0,0
70.545,0,0,0,0,0,0,0,0
70.6698,1,0,0,0,0,0,0,0
70.68,0,0,0,0,0,0,0,0
70.8266,1,0,0,0,0,0,0,0
70.837,0,0,0,0,0,0,0,0
70.9908,1,0,0,0,1,0,0,0
71.001,0,0,0,0,0,0,0,0
71.1616,1,0,0,0,1,0,0,0
71.172,0,0,0,0,0,0,0,0
71.3106,1,0,0,0,1,0,0,0
71.321,0,0,0,0,0,0,0,0
71.4726,1,0,0,0,1,0,0,0
71.483,0,0,0,0,0,0,0,0
71.6206,1,0,0,0,1,0,0,0
71.631,0,0,0,0,0,0,0,0
71.7788,1,0,0,0,1,0,0,0
71.789,0,0,0,0,0,0,0,0
71.9328,1,0,0,0,1,0,0,0
71.943,0,0,0,0,0,0,0,0
72.0968,1,0,0,0,1,0,0,0
72.107,0,0,0,0,0,0,0,0
72.2978,1,0,0,0,1,0,0,0
72.308,0,0,0,0,0,0,0,0
72.4198,1,0,0,0,1,0,0,0
72.43,0,0,0,0,0,0,0,0
72.5668,1,0,0,0,0,0,0,0
72.577,0,0,0,0,0,0,0,0
72.7288,1,0,0,0,0,0,0,0
72.739,0,0,0,0,0,0,0,0
72.9068,1,0,0,0,0,0,0,0
72.917,0,0,0,0,0,0,0,0
73.0548,1,0,0,0,0,0,0,0
73.065,0,0,0,0,0,0,0,0
73.2118,1,1,0,0,0,0,0,0
73.222,0,0,0,0,0,0,0,0
73.3698,1,0,0,0,0,0,0,0
73.38,0,0,0,0,0,0,0,0
73.5268,1,0,0,0,0,0,0,0
73.537,0,0,0,0,0,0,0,0
73.6888,1,0,0,0,0,0,0,0
73.699,0,0,0,0,0,0,0,0
73.8428,1,1,0,0,0,0,0,0
73.853,0,0,0,0,0,0,0,0
74.0128,1,0,0,0,0,0,0,0
74.023,0,0,0,0,0,0,0,0
74.1668,1,0,0,0,0,0,0,0
74.177,0,0,0,0,0,0,0,0
74.3308,1,0,0,0,0,0,0,0
74.341,0,0,0,0,0,0,0,0
74.5098,1,0,0,0,0,0,0,0
74.52,0,0,0,0,0,0,0,0
74.6598,1,1,0,0,0,0,0,0
74.67,0,0,0,0,0,0,0,0
74.8378,1,0,0,0,0,0,0,0
74.848,0,0,0,0,0,0,0,0
74.9968,1,0,0,0,0,0,0,0
75.007,0,0,0,0,0,0,0,0
75.1638,1,0,0,0,0,0,0,0
75.174,0,0,0,0,0,0,0,0
75.3208,1,0,0,0,0,0,0,0
75.331,0,0,0,0,0,0,0,0
75.4938,1,0,0,0,0,0,0,0
75.504,0,0,0,0,0,0,0,0
75.6648,1,1,0,0,0,0,0,0
75.675,0,0,0,0,0,0,0,0
75.8418,1,0,0,0,0,0,0,0
75.852,0,0,0,0,0,0,0,0
76.0268,1,0,0,0,0,0,0,0
76.037,0,0,0,0,0,0,0,0
76.1808,1,0,0,0,0,0,0,0
76.191,0,0,0,0,0,0,0,0
76.3488,1,1,0,0,0,0,0,0
76.359,0,0,0,0,0,0,0,0
76.5058,1,0,0,0,0,0,0,0
76.516,0,0,0,0,0,0,0,0
76.6818,1,0,0,0,0,0,0,0
76.692,0,0,0,0,0,0,0,0
76.8628,1,0,0,0,0,0,0,0
76.873,0,0,0,0,0,0,0,0
77.0218,1,0,0,0,0,0,0,0
77.032,0,0,0,0,0,0,0,0
77.2168,1,0,0,0,0,0,0,0
77.227,0,0,0,0,0,0,0,0
77.3608,1,1,0,0,0,0,0,0
77.371,0,0,0,0,0,0,0,0
77.5388,1,0,0,0,0,0,0,0
77.549,0,0,0,0,0,0,0,0
77.7238,1,0,0,0,0,0,0,0
77.734,0,0,0,0,0,0,0,0
77.9018,1,0,0,0,0,0,0,0
77.912,0,0,0,0,0,0,0,0
78.0618,1,0,0,0,0,0,0,0
78.072,0,0,0,0,0,0,0,0
78.2248,1,0,0,0,0,0,0,0
78.235,0,0,0,0,0,0,0,0
78.4078,1,1,0,0,0,0,0,0
78.418,0,0,0,0,0,0,0,0
78.6018,1,0,0,0,0,0,0,0
78.612,0,0,0,0,0,0,0,0
78.7738,1,0,0,0,0,0,0,0
78.784,0,0,0,0,0,0,0,0
78.9318,1,0,0,0,0,0,0,0
78.942,0,0,0,0,0,0,0,0
79.1088,1,0,0,0,0,0,0,0
79.119,0,0,0,0,0,0,0,0
79.2908,1,0,0,0,0,0,0,0
79.301,0,0,0,0,0,0,0,0
79.4508,1,1,0,0,0,0,0,0
79.461,0,0,0,0,0,0,0,0
79.6398,1,0,0,0,0,0,0,0
79.65,0,0,0,0,0,0,0,0
79.8308,1,0,0,0,0,0,0,0
79.841,0,0,0,0,0,0,0,0
80.0178,1,0,0,0,0,0,0,0
80.028,0,0,0,0,0,0,0,0
80.1678,1,0,0,0,0,0,0,0
80.178,0,0,0,0,0,0,0,0
80.3228,1,1,0,0,0,0,0,0
80.333,0,0,0,0,0,0,0,0
80.5098,1,0,0,0,0,0,0,0
80.52,0,0,0,0,0,0,0,0
80.6848,1,0,0,0,0,0,0,0
80.695,0,0,0,0,0,0,0,0
80.8498,1,0,0,0,0,0,0,0
80.86,0,0,0,0,0,0,0,0
81.005,1,0,0,0,0,0,0,0
81.015,0,0,0,0,0,0,0,0
81.177,1,0,0,0,0,0,0,0
81.187,0,0,0,0,0,0,0,0
81.363,1,1,0,0,0,0,0,0
81.373,0,0,0,0,0,0,0,0
81.544,1,0,0,0,0,0,0,0
81.554,0,0,0,0,0,0,0,0
81.707,1,0,0,0,0,0,0,0
81.717,0,0,0,0,0,0,0,0
81.881,1,0,0,0,0,0,0,0
81.891,0,0,0,0,0,0,0,0
82.06,1,0,0,0,0,0,0,0
82.07,0,0,0,0,0,0,0,0
82.217,1,0,0,0,0,0,0,0
82.227,0,0,0,0,0,0,0,0
82.411,1,0,1,0,0,0,0,0
82.421,0,0,0,0,0,0,0,0
83.12,1,0,1,0,0,0,0,0
83.13,0,0,0,0,0,0,0,0
83.455,1,0,1,0,0,0,0,0
83.465,0,0,0,0,0,0,0,0
83.642,1,0,1,0,0,0,0,0
83.652,0,0,0,0,0,0,0,0
83.791,1,0,1,0,0,0,0,0
83.801,0,0,0,0,0,0,0,0
83.968,1,0,1,0,0,0,0,0
83.978,0,0,0,0,0,0,0,0
84.142,1,0,1,0,0,0,0,0
84.152,0,0,0,0,0,0,0,0
84.305,1,0,1,0,0,0,0,0
84.315,0,0,0,0,0,0,0,0
84.457,1,0,1,0,0,0,0,0
84.467,0,0,0,0,0,0,0,0
84.604,1,0,1,0,0,0,0,0
84.614,0,0,0,0,0,0,0,0
84.739,1,0,0,0,0,0,0,0
84.749,0,0,0,0,0,0,0,0
84.929,1,0,0,0,0,0,0,0
84.939,0,0,0,0,0,0,0,0
85.096,1,0,0,0,0,0,0,0
85.106,0,0,0,0,0,0,0,0
85.276,1,0,0,0,0,0,0,0
85.286,0,0,0,0,0,0,0,0
85.426,1,0,0,0,0,0,0,0
85.436,0,0,0,0,0,0,0,0
85.586,1,1,0,0,0,0,0,0
85.596,0,0,0,0,0,0,0,0
85.779,1,0,0,0,0,0,0,0
85.789,0,0,0,0,0,0,0,0
85.932,1,0,0,0,0,0,0,0
85.942,0,0,0,0,0,0,0,0
86.087,1,0,0,0,0,0,0,0
86.097,0,0,0,0,0,0,0,0
86.26,1,0,0,0,0,0,0,0
86.27,0,0,0,0,0,0,0,0
86.435,1,0,0,0,0,0,0,0
86.445,0,0,0,0,0,0,0,0
86.605,1,1,0,0,0,0,0,0
86.615,0,0,0,0,0,0,0,0
86.769,1,0,0,0,0,0,0,0
86.779,0,0,0,0,0,0,0,0
86.925,1,0,0,0,0,0,0,0
86.935,0,0,0,0,0,0,0,0
87.089,1,0,0,0,0,0,0,0
87.099,0,0,0,0,0,0,0,0
87.275,1,0,0,0,0,0,0,0
87.285,0,0,0,0,0,0,0,0
87.455,1,0,0,0,0,0,0,0
87.465,0,0,0,0,0,0,0,0
87.606,1,1,0,0,0,0,0,0
87.616,0,0,0,0,0,0,0,0
87.774,1,0,0,0,0,0,0,0
87.784,0,0,0,0,0,0,0,0
87.962,1,0,0,0,0,0,0,0
87.972,0,0,0,0,0,0,0,0
88.123,1,0,0,0,0,0,0,0
88.133,0,0,0,0,0,0,0,0
88.289,1,1,0,0,0,0,0,0
88.299,0,0,0,0,0,0,0,0
88.479,1,0,0,0,0,0,0,0
88.489,0,0,0,0,0,0,0,0
88.646,1,0,0,0,0,0,0,0
88.656,0,0,0,0,0,0,0,0
88.82,1,0,0,0,0,0,0,0
88.83,0,0,0,0,0,0,0,0
89.003,1,1,0,0,0,0,0,0
89.013,0,0,0,0,0,0,0,0
89.169,1,0,0,0,0,0,0,0
89.179,0,0,0,0,0,0,0,0
89.335,1,0,0,0,0,0,0,0
89.345,0,0,0,0,0,0,0,0
89.51,1,0,0,0,0,0,0,0
89.52,0,0,0,0,0,0,0,0
89.673,1,0,0,0,0,0,0,0
89.683,0,0,0,0,0,0,0,0
89.853,1,1,0,0,0,0,0,0
89.863,0,0,0,0,0,0,0,0
90.054,1,0,0,0,0,0,0,0
90.064,0,0,0,0,0,0,0,0
90.2232,1,0,0,0,0,0,0,0
90.233,0,0,0,0,0,0,0,0
90.382,1,0,0,0,0,0,0,0
90.392,0,0,0,0,0,0,0,0
90.57,1,0,0,0,0,0,0,0
90.58,0,0,0,0,0,0,0,0
90.735,1,1,0,0,0,0,0,0
90.745,0,0,0,0,0,0,0,0
90.9,1,0,0,0,0,0,0,0
90.91,0,0,0,0,0,0,0,0
91.099,1,0,0,0,0,0,0,0
91.109,0,0,0,0,0,0,0,0
91.283,1,0,0,0,0,0,0,0
91.293,0,0,0,0,0,0,0,0
91.462,1,1,0,0,0,0,0,0
91.472,0,0,0,0,0,0,0,0
91.613,1,0,0,0,0,0,0,0
91.623,0,0,0,0,0,0,0,0
91.785,1,0,0,0,0,0,0,0
91.795,0,0,0,0,0,0,0,0
91.9762,1,0,0,0,0,0,0,0
91.986,0,0,0,0,0,0,0,0
92.1262,1,0,0,0,0,0,0,0
92.136,0,0,0,0,0,0,0,0
92.3012,1,1,0,0,0,0,0,0
92.311,0,0,0,0,0,0,0,0
92.5022,1,0,0,0,0,0,0,0
92.512,0,0,0,0,0,0,0,0
92.6792,1,0,0,0,0,0,0,0
92.689,0,0,0,0,0,0,0,0
92.8542,1,0,0,0,0,0,0,0
92.864,0,0,0,0,0,0,0,0
93.0452,1,0,0,0,0,0,0,0
93.055,0,0,0,0,0,0,0,0
93.1932,1,0,0,0,0,0,0,0
93.203,0,0,0,0,0,0,0,0
93.3682,1,1,0,0,0,0,0,0
93.378,0,0,0,0,0,0,0,0
93.5872,1,0,0,0,0,0,0,0
93.597,0,0,0,0,0,0,0,0
93.7672,1,0,0,0,0,0,0,0
93.777,0,0,0,0,0,0,0,0
93.9202,1,0,0,0,0,0,0,0
93.93,0,0,0,0,0,0,0,0
94.0912,1,0,0,0,0,0,0,0
94.101,0,0,0,0,0,0,0,0
94.2732,1,0,0,0,0,0,0,1
94.283,0,0,0,0,0,0,0,0
94.4722,1,0,0,0,0,0,0,1
94.482,0,0,0,0,0,0,0,0
94.6252,1,0,0,0,0,0,0,1
94.635,0,0,0,0,0,0,0,0
94.7992,1,0,0,0,0,0,0,1
94.809,0,0,0,0,0,0,0,0
94.9732,1,0,0,0,0,0,0,1
94.983,0,0,0,0,0,0,0,0
95.1622,1,0,0,0,0,0,0,1
95.172,0,0,0,0,0,0,0,0
95.3372,1,0,0,0,0,0,0,1
95.347,0,0,0,0,0,0,0,0
97.9712,1,0,0,0,0,0,0,1
97.981,0,0,0,0,0,0,0,0
98.1162,1,0,0,0,0,0,0,1
98.126,0,0,0,0,0,0,0,0
98.2522,1,0,0,0,0,0,0,1
98.262,0,0,0,0,0,0,0,0
98.4062,1,0,0,0,0,0,0,0
98.416,0,0,0,0,0,0,0,0
98.5592,1,0,0,0,0,0,0,0
98.569,0,0,0,0,0,0,0,0
98.7092,1,0,0,0,0,0,0,0
98.719,0,0,0,0,0,0,0,0
98.8912,1,0,0,0,0,0,0,0
98.901,0,0,0,0,0,0,0,0
99.0412,1,1,0,0,0,0,0,0
99.051,0,0,0,0,0,0,0,0
99.2082,1,0,0,0,0,0,0,0
99.218,0,0,0,0,0,0,0,0
99.3592,1,0,0,0,0,0,0,0
99.369,0,0,0,0,0,0,0,0
99.5092,1,0,0,0,0,0,0,0
99.519,0,0,0,0,0,0,0,0
99.6802,1,0,0,0,0,0,0,0
99.69,0,0,0,0,0,0,0,0
99.8282,1,1,0,0,0,0,0,0
99.838,0,0,0,0,0,0,0,0
99.9992,1,0,0,0,0,0,0,0
100.009,0,0,0,0,0,0,0,0
100.1692,1,0,0,0,0,0,0,0
100.179,0,0,0,0,0,0,0,0
100.3242,1,0,0,0,0,0,0,0
100.334,0,0,0,0,0,0,0,0
100.4862,1,1,0,0,0,0,0,0
100.496,0,0,0,0,0,0,0,0
100.6752,1,0,0,0,0,0,0,0
100.685,0,0,0,0,0,0,0,0
100.8532,1,0,0,0,0,0,0,0
100.863,0,0,0,0,0,0,0,0
100.9972,1,0,0,0,0,0,0,0
101.007,0,0,0,0,0,0,0,0
101.1642,1,0,0,0,0,0,0,0
101.174,0,0,0,0,0,0,0,0
101.3334,1,1,0,0,0,0,0,0
101.343,0,0,0,0,0,0,0,0
101.5232,1,0,0,0,0,0,0,0
101.533,0,0,0,0,0,0,0,0
101.6982,1,0,0,0,0,0,0,0
101.708,0,0,0,0,0,0,0,0
101.8524,1,0,0,0,0,0,0,0
101.862,0,0,0,0,0,0,0,0
102.0324,1,0,0,0,0,0,0,0
102.042,0,0,0,0,0,0,0,0
102.2092,1,0,0,0,0,0,0,1
102.219,0,0,0,0,0,0,0,0
102.3734,1,0,0,0,0,0,0,0
102.383,0,0,0,0,0,0,0,0
102.5464,1,0,0,0,0,0,0,0
102.556,0,0,0,0,0,0,0,0
102.7454,1,0,0,0,0,0,0,0
102.755,0,0,0,0,0,0,0,0
102.8914,1,1,0,0,0,0,0,0
102.901,0,0,0,0,0,0,0,0
103.0724,1,0,0,0,0,0,0,0
103.082,0,0,0,0,0,0,0,0
103.2414,1,0,0,0,0,0,0,0
103.251,0,0,0,0,0,0,0,0
103.3884,1,0,0,0,0,0,0,0
103.398,0,0,0,0,0,0,0,0
103.5524,1,1,0,0,0,0,0,0
103.562,0,0,0,0,0,0,0,0
103.7284,1,0,0,0,0,0,0,0
103.738,0,0,0,0,0,0,0,0
103.9194,1,0,0,0,0,0,0,0
103.929,0,0,0,0,0,0,0,0
104.0744,1,0,0,0,0,0,0,0
104.084,0,0,0,0,0,0,0,0
104.2494,1,0,0,0,0,0,0,0
104.259,0,0,0,0,0,0,0,0
104.4444,1,1,0,0,0,0,0,0
104.454,0,0,0,0,0,0,0,0
104.6354,1,0,0,0,0,0,0,0
104.645,0,0,0,0,0,0,0,0
104.7914,1,0,0,0,0,0,0,0
104.801,0,0,0,0,0,0,0,0
104.9644,1,0,0,0,0,0,0,0
104.974,0,0,0,0,0,0,0,0
105.1344,1,1,0,0,0,0,0,0
105.144,0,0,0,0,0,0,0,0
105.3404,1,0,0,0,0,0,0,0
105.35,0,0,0,0,0,0,0,0
105.5184,1,0,0,0,0,0,0,0
105.528,0,0,0,0,0,0,0,0
105.6884,1,0,0,0,0,0,0,0
105.698,0,0,0,0,0,0,0,0
105.8604,1,0,0,0,0,0,0,0
105.87,0,0,0,0,0,0,0,0
106.0334,1,0,0,0,0,0,0,0
106.043,0,0,0,0,0,0,0,0
106.1954,1,1,0,0,0,0,0,0
106.205,0,0,0,0,0,0,0,0
106.3734,1,0,0,0,0,0,0,0
106.383,0,0,0,0,0,0,0,0
106.5534,1,0,0,0,0,0,0,0
106.563,0,0,0,0,0,0,0,0
106.7304,1,0,0,0,0,0,0,0
106.74,0,0,0,0,0,0,0,0
106.8954,1,0,0,0,0,0,0,0
106.905,0,0,0,0,0,0,0,0
107.0664,1,0,0,0,0,0,1,0
107.076,0,0,0,0,0,0,0,0
108.2054,1,0,0,0,0,0,1,0
108.215,0,0,0,0,0,0,0,0
108.3464,1,0,0,0,0,0,1,0
108.356,0,0,0,0,0,0,0,0
108.4964,1,0,0,0,0,0,1,0
108.506,0,0,0,0,0,0,0,0
108.6764,1,0,0,0,0,0,1,0
108.686,0,0,0,0,0,0,0,0
108.8304,1,0,0,0,0,0,1,0
108.84,0,0,0,0,0,0,0,0
108.9874,1,0,0,0,0,0,1,0
108.997,0,0,0,0,0,0,0,0
109.1394,1,0,0,0,0,0,1,0
109.149,0,0,0,0,0,0,0,0
109.3024,1,0,0,0,0,0,1,0
109.312,0,0,0,0,0,0,0,0
109.4694,1,0,0,0,0,0,1,0
109.479,0,0,0,0,0,0,0,0
109.6424,1,0,0,0,0,0,0,0
109.652,0,0,0,0,0,0,0,0
109.8044,1,0,0,0,0,0,0,0
109.814,0,0,0,0,0,0,0,0
109.9694,1,0,0,0,0,0,0,0
109.979,0,0,0,0,0,0,0,0
110.1394,1,0,0,0,0,0,0,0
110.149,0,0,0,0,0,0,0,0
110.3094,1,1,0,0,0,0,0,0
110.319,0,0,0,0,0,0,0,0
110.4884,1,0,0,0,0,0,0,0
110.498,0,0,0,0,0,0,0,0
110.6474,1,0,0,0,0,0,0,0
110.657,0,0,0,0,0,0,0,0
110.7984,1,0,0,0,0,0,0,0
110.808,0,0,0,0,0,0,0,0
110.9824,1,1,0,0,0,0,0,0
110.992,0,0,0,0,0,0,0,0
111.1514,1,0,0,0,0,0,0,0
111.161,0,0,0,0,0,0,0,0
111.3036,1,0,0,0,0,0,0,0
111.314,0,0,0,0,0,0,0,0
111.4704,1,0,0,0,0,0,0,0
111.48,0,0,0,0,0,0,0,0
111.6656,1,1,0,0,0,0,0,0
111.676,0,0,0,0,0,0,0,0
111.8124,1,0,0,0,0,0,0,0
111.822,0,0,0,0,0,0,0,0
111.9844,1,0,0,0,0,0,0,0
111.994,0,0,0,0,0,0,0,0
112.1446,1,0,0,0,0,0,0,0
112.155,0,0,0,0,0,0,0,0
112.2986,1,0,0,0,0,0,0,0
112.309,0,0,0,0,0,0,0,0
112.4766,1,0,0,0,0,0,0,0
112.487,0,0,0,0,0,0,0,0
112.6616,1,1,0,0,0,0,0,0
112.672,0,0,0,0,0,0,0,0
112.8456,1,0,0,0,0,0,0,0
112.856,0,0,0,0,0,0,0,0
113.0126,1,0,0,0,0,0,0,0
113.023,0,0,0,0,0,0,0,0
113.1776,1,0,0,0,0,0,0,0
113.188,0,0,0,0,0,0,0,0
113.3436,1,0,0,0,0,0,0,0
113.354,0,0,0,0,0,0,0,0
113.5126,1,1,0,0,0,0,0,0
113.523,0,0,0,0,0,0,0,0
113.6806,1,0,0,0,0,0,0,0
113.691,0,0,0,0,0,0,0,0
113.8746,1,0,0,0,0,0,0,0
113.885,0,0,0,0,0,0,0,0
114.0376,1,0,0,0,0,0,0,0
114.048,0,0,0,0,0,0,0,0
114.2056,1,0,0,0,0,0,0,0
114.216,0,0,0,0,0,0,0,0
114.3736,1,1,0,0,0,0,0,0
114.384,0,0,0,0,0,0,0,0
114.5626,1,0,0,0,0,0,0,0
114.573,0,0,0,0,0,0,0,0
114.7286,1,0,0,0,0,0,0,0
114.739,0,0,0,0,0,0,0,0
114.9146,1,0,0,0,0,0,0,0
114.925,0,0,0,0,0,0,0,0
115.0706,1,0,0,0,0,0,0,0
115.081,0,0,0,0,0,0,0,0
115.2576,1,1,0,0,0,0,0,0
115.268,0,0,0,0,0,0,0,0
115.4316,1,0,0,0,0,0,0,0
115.442,0,0,0,0,0,0,0,0
115.6096,1,0,0,0,0,0,0,0
115.62,0,0,0,0,0,0,0,0
115.8136,1,0,0,0,0,0,0,0
115.824,0,0,0,0,0,0,0,0
115.9646,1,0,0,0,0,0,0,0
115.975,0,0,0,0,0,0,0,0
116.1336,1,0,0,0,0,0,0,0
116.144,0,0,0,0,0,0,0,0
119.0186,1,1,0,0,0,0,0,0
119.029,0,0,0,0,0,0,0,0
119.1466,1,0,0,0,0,0,0,0
119.157,0,0,0,0,0,0,0,0
119.2936,1,0,0,0,0,0,0,0
119.304,0,0,0,0,0,0,0,0
119.4496,1,0,0,0,0,0,0,0
119.46,0,0,0,0,0,0,0,0
119.6046,1,0,0,0,0,0,0,0
119.615,0,0,0,0,0,0,0,0
119.7816,1,0,0,0,0,0,0,0
119.792,0,0,0,0,0,0,0,0
119.9226,1,1,0,0,0,0,0,0
119.933,0,0,0,0,0,0,0,0
120.1016,1,0,0,0,0,0,0,0
120.112,0,0,0,0,0,0,0,0
120.2796,1,0,0,0,0,0,0,0
120.29,0,0,0,0,0,0,0,0
120.4626,1,0,0,0,0,0,0,0
120.473,0,0,0,0,0,0,0,0
120.6166,1,0,0,0,0,0,0,0
120.627,0,0,0,0,0,0,0,0
120.7846,1,0,0,0,0,0,0,0
120.795,0,0,0,0,0,0,0,0
120.9566,1,1,0,0,0,0,0,0
120.967,0,0,0,0,0,0,0,0
121.1596,1,0,0,0,0,0,0,0
121.17,0,0,0,0,0,0,0,0
121.3166,1,0,0,0,0,0,0,0
121.327,0,0,0,0,0,0,0,0
121.5106,1,0,0,0,0,0,0,0
121.521,0,0,0,0,0,0,0,0
121.6696,1,0,0,0,0,0,0,0
121.68,0,0,0,0,0,0,0,0
121.8228,1,0,0,1,0,0,0,0
121.833,0,0,0,0,0,0,0,0
121.9818,1,0,0,1,0,0,0,0
121.992,0,0,0,0,0,0,0,0
122.1568,1,0,0,1,0,0,0,0
122.167,0,0,0,0,0,0,0,0
122.3828,1,0,0,1,0,0,0,0
122.393,0,0,0,0,0,0,0,0
122.5248,1,0,0,1,0,0,0,0
122.535,0,0,0,0,0,0,0,0
122.7018,1,0,0,1,0,0,0,0
122.712,0,0,0,0,0,0,0,0
122.8828,1,0,0,1,0,0,0,0
122.893,0,0,0,0,0,0,0,0
123.0568,1,0,0,1,0,0,0,0
123.067,0,0,0,0,0,0,0,0
123.2368,1,0,0,1,0,0,0,0
123.247,0,0,0,0,0,0,0,0
123.4248,1,0,0,1,0,0,0,0
123.435,0,0,0,0,0,0,0,0
123.6058,1,0,0,0,0,0,0,0
123.616,0,0,0,0,0,0,0,0
123.8238,1,0,0,0,0,0,0,0
123.834,0,0,0,0,0,0,0,0
124.5148,1,0,0,0,0,0,0,0
124.525,0,0,0,0,0,0,0,0
124.7878,1,0,0,0,0,0,0,0
124.798,0,0,0,0,0,0,0,0
125.0758,1,1,0,0,0,0,0,0
125.086,0,0,0,0,0,0,0,0
125.3238,1,0,0,0,0,0,0,0
125.334,0,0,0,0,0,0,0,0
125.4858,1,0,0,0,0,0,0,0
125.496,0,0,0,0,0,0,0,0
125.6468,1,0,0,0,0,0,0,0
125.657,0,0,0,0,0,0,0,0
125.8088,1,1,0,0,0,0,0,0
125.819,0,0,0,0,0,0,0,0
125.9778,1,0,0,0,0,0,0,0
125.988,0,0,0,0,0,0,0,0
126.1628,1,0,0,0,0,0,0,0
126.173,0,0,0,0,0,0,0,0
126.3338,1,0,0,0,0,0,0,0
126.344,0,0,0,0,0,0,0,0
126.5018,1,0,0,0,0,0,0,0
126.512,0,0,0,0,0,0,0,0
126.6678,1,0,0,0,0,0,0,0
126.678,0,0,0,0,0,0,0,0
126.8268,1,1,0,0,0,0,0,0
126.837,0,0,0,0,0,0,0,0
127.0218,1,0,0,0,0,0,0,0
127.032,0,0,0,0,0,0,0,0
127.1868,1,0,0,0,0,0,0,0
127.197,0,0,0,0,0,0,0,0
127.3568,1,0,0,0,0,0,0,0
127.367,0,0,0,0,0,0,0,0
127.5458,1,1,0,0,0,0,0,0
127.556,0,0,0,0,0,0,0,0
127.7348,1,0,0,0,0,0,0,0
127.745,0,0,0,0,0,0,0,0
127.8808,1,0,0,0,0,0,0,0
127.891,0,0,0,0,0,0,0,0
128.0508,1,0,0,0,0,0,0,0
128.061,0,0,0,0,0,0,0,0
128.2108,1,0,0,0,0,0,0,0
128.221,0,0,0,0,0,0,0,0
128.3718,1,0,0,0,0,0,0,0
128.382,0,0,0,0,0,0,0,0
128.5538,1,1,0,0,0,0,0,0
128.564,0,0,0,0,0,0,0,0
128.7228,1,0,0,0,0,0,0,0
128.733,0,0,0,0,0,0,0,0
128.8978,1,0,0,0,0,0,0,0
128.908,0,0,0,0,0,0,0,0
129.0688,1,0,0,0,0,0,0,0
129.079,0,0,0,0,0,0,0,0
129.2438,1,1,0,0,0,0,0,0
129.254,0,0,0,0,0,0,0,0
129.4428,1,0,0,0,0,0,0,0
129.453,0,0,0,0,0,0,0,0
129.6398,1,0,0,0,0,0,0,0
129.65,0,0,0,0,0,0,0,0
129.7928,1,0,0,0,0,0,0,0
129.803,0,0,0,0,0,0,0,0
129.9838,1,1,0,0,0,0,0,0
129.994,0,0,0,0,0,0,0,0
130.1758,1,0,0,0,0,0,0,0
130.186,0,0,0,0,0,0,0,0
130.3578,1,0,0,0,0,0,0,0
130.368,0,0,0,0,0,0,0,0
130.5318,1,0,0,0,0,0,0,0
130.542,0,0,0,0,0,0,0,0
130.6878,1,1,0,0,0,0,0,0
130.698,0,0,0,0,0,0,0,0
130.8638,1,0,0,0,0,0,0,0
130.874,0,0,0,0,0,0,0,0
131.0348,1,0,0,0,0,0,0,0
131.045,0,0,0,0,0,0,0,0
131.206,1,0,0,0,0,0,0,0
131.216,0,0,0,0,0,0,0,0
131.3848,1,0,0,0,0,0,0,0
131.395,0,0,0,0,0,0,0,0
131.5468,1,1,0,0,0,0,0,0
131.557,0,0,0,0,0,0,0,0
131.7308,1,0,0,0,0,0,0,0
131.741,0,0,0,0,0,0,0,0
131.9128,1,0,0,0,0,0,0,0
131.923,0,0,0,0,0,0,0,0
132.0978,1,0,0,0,0,0,0,0
132.108,0,0,0,0,0,0,0,0
132.2978,1,1,0,0,0,0,0,0
132.308,0,0,0,0,0,0,0,0
132.4748,1,0,0,0,0,0,0,0
132.485,0,0,0,0,0,0,0,0
132.6578,1,0,0,0,0,0,0,0
132.668,0,0,0,0,0,0,0,0
132.8128,1,0,0,0,0,0,0,0
132.823,0,0,0,0,0,0,0,0
132.984,1,0,0,0,0,0,0,0
132.994,0,0,0,0,0,0,0,0
133.139,1,0,0,0,0,1,0,0
133.149,0,0,0,0,0,0,0,0
133.336,1,0,0,0,0,1,0,0
133.346,0,0,0,0,0,0,0,0
133.526,1,0,0,0,0,1,0,0
133.536,0,0,0,0,0,0,0,0
133.707,1,0,0,0,0,1,0,0
133.717,0,0,0,0,0,0,0,0
133.869,1,0,0,0,0,1,0,0
133.879,0,0,0,0,0,0,0,0
134.013,1,0,0,0,0,1,0,0
134.023,0,0,0,0,0,0,0,0
134.164,1,0,0,0,0,1,0,0
134.174,0,0,0,0,0,0,0,0
134.497,1,0,0,0,0,1,0,0
134.507,0,0,0,0,0,0,0,0
134.649,1,0,0,0,0,1,0,0
134.659,0,0,0,0,0,0,0,0
134.817,1,0,0,0,0,1,0,0
134.827,0,0,0,0,0,0,0,0
134.963,1,0,0,0,0,0,0,0
134.973,0,0,0,0,0,0,0,0
135.11,1,0,0,0,0,0,0,0
135.12,0,0,0,0,0,0,0,0
135.26,1,0,0,0,0,0,0,0
135.27,0,0,0,0,0,0,0,0
135.438,1,0,0,0,0,0,0,0
135.448,0,0,0,0,0,0,0,0
135.586,1,1,0,0,0,0,0,0
135.596,0,0,0,0,0,0,0,0
135.758,1,0,0,0,0,0,0,0
135.768,0,0,0,0,0,0,0,0
135.954,1,0,0,0,0,0,0,0
135.964,0,0,0,0,0,0,0,0
136.078,1,0,0,0,0,0,0,0
136.088,0,0,0,0,0,0,0,0
136.214,1,0,0,0,0,0,0,0
136.224,0,0,0,0,0,0,0,0
136.389,1,1,0,0,0,0,0,0
136.399,0,0,0,0,0,0,0,0
136.56,1,0,0,0,0,0,0,0
136.57,0,0,0,0,0,0,0,0
136.732,1,0,0,0,0,0,0,0
136.742,0,0,0,0,0,0,0,0
136.884,1,0,0,0,0,0,0,0
136.894,0,0,0,0,0,0,0,0
137.043,1,0,0,0,0,0,0,0
137.053,0,0,0,0,0,0,0,0
137.204,1,1,0,0,0,0,0,0
137.214,0,0,0,0,0,0,0,0
137.391,1,0,0,0,0,0,0,0
137.401,0,0,0,0,0,0,0,0
137.541,1,0,0,0,0,0,0,0
137.551,0,0,0,0,0,0,0,0
137.703,1,0,0,0,0,0,0,0
137.713,0,0,0,0,0,0,0,0
137.867,1,1,0,0,0,0,0,0
137.877,0,0,0,0,0,0,0,0
138.043,1,0,0,0,0,0,0,0
138.053,0,0,0,0,0,0,0,0
138.215,1,0,0,0,0,0,0,0
138.225,0,0,0,0,0,0,0,0
138.377,1,0,0,0,0,0,0,0
138.387,0,0,0,0,0,0,0,0
138.566,1,0,0,0,0,0,0,0
138.576,0,0,0,0,0,0,0,0
138.711,1,0,0,0,0,0,0,0
138.721,0,0,0,0,0,0,0,0
138.855,1,1,0,0,0,0,0,0
138.865,0,0,0,0,0,0,0,0
139.078,1,0,0,0,0,0,0,0
139.088,0,0,0,0,0,0,0,0
139.241,1,0,0,0,0,0,0,0
139.251,0,0,0,0,0,0,0,0
139.414,1,0,0,0,0,0,0,0
139.424,0,0,0,0,0,0,0,0
139.552,1,1,0,0,0,0,0,0
139.562,0,0,0,0,0,0,0,0
139.78,1,0,0,0,0,0,0,0
139.79,0,0,0,0,0,0,0,0
139.946,1,0,0,0,0,0,0,0
139.956,0,0,0,0,0,0,0,0
140.119,1,0,0,0,0,0,0,0
140.129,0,0,0,0,0,0,0,0
140.311,1,0,0,0,0,0,0,0
140.321,0,0,0,0,0,0,0,0
140.462,1,1,0,0,0,0,0,0
140.472,0,0,0,0,0,0,0,0
140.637,1,0,0,0,0,0,0,0
140.647,0,0,0,0,0,0,0,0
140.794,1,0,0,0,0,0,0,0
140.804,0,0,0,0,0,0,0,0
140.968,1,0,0,0,0,0,0,0
140.978,0,0,0,0,0,0,0,0
141.157,1,1,0,0,0,0,0,0
141.167,0,0,0,0,0,0,0,0
141.321,1,0,0,0,0,0,0,0
141.331,0,0,0,0,0,0,0,0
141.514,1,0,0,0,0,0,0,0
141.524,0,0,0,0,0,0,0,0
141.675,1,0,0,0,0,0,0,0
141.685,0,0,0,0,0,0,0,0
141.851,1,1,0,0,0,0,0,0
141.861,0,0,0,0,0,0,0,0
142.03,1,0,0,0,0,0,0,0
142.04,0,0,0,0,0,0,0,0
142.1902,1,0,0,0,0,0,0,0
142.2,0,0,0,0,0,0,0,0
142.3662,1,0,0,0,0,0,0,0
142.376,0,0,0,0,0,0,0,0
142.56,1,0,0,0,0,0,0,0
142.57,0,0,0,0,0,0,0,0
142.715,1,0,0,0,0,0,0,0
142.725,0,0,0,0,0,0,0,0
142.9132,1,1,0,0,0,0,0,0
142.923,0,0,0,0,0,0,0,0
143.0802,1,0,0,0,0,0,0,0
143.09,0,0,0,0,0,0,0,0
143.2512,1,0,0,0,0,0,0,0
143.261,0,0,0,0,0,0,0,0
143.4262,1,0,0,0,0,0,0,0
143.436,0,0,0,0,0,0,0,0
143.615,1,0,0,0,0,0,0,0
143.625,0,0,0,0,0,0,0,0
143.7652,1,0,0,1,0,0,0,0
143.775,0,0,0,0,0,0,0,0
143.9502,1,0,0,1,0,0,0,0
143.96,0,0,0,0,0,0,0,0
144.8222,1,0,0,1,0,0,0,0
144.832,0,0,0,0,0,0,0,0
144.9512,1,0,0,1,0,0,0,0
144.961,0,0,0,0,0,0,0,0
146.7872,1,0,0,1,0,0,0,0
146.797,0,0,0,0,0,0,0,0
146.9312,1,0,0,1,0,0,0,0
146.941,0,0,0,0,0,0,0,0
147.0802,1,0,0,1,0,0,0,0
147.09,0,0,0,0,0,0,0,0
147.7962,1,0,0,1,0,0,0,0
147.806,0,0,0,0,0,0,0,0
148.6982,1,0,0,1,0,0,0,0
148.708,0,0,0,0,0,0,0,0
148.8572,1,0,0,1,0,0,0,0
148.867,0,0,0,0,0,0,0,0
168.7676,1,0,0,0,0,0,0,0
168.778,0,0,0,0,0,0,0,0
168.8836,1,0,0,0,0,0,0,0
168.894,0,0,0,0,0,0,0,0
169.0186,1,0,0,0,0,0,0,0
169.029,0,0,0,0,0,0,0,0
169.1726,1,0,0,0,0,0,0,0
169.183,0,0,0,0,0,0,0,0
169.3326,1,1,0,0,0,0,0,0
169.343,0,0,0,0,0,0,0,0
169.4986,1,0,0,0,0,0,0,0
169.509,0,0,0,0,0,0,0,0
169.6596,1,0,0,0,0,0,0,0
169.67,0,0,0,0,0,0,0,0
169.8166,1,0,0,0,0,0,0,0
169.827,0,0,0,0,0,0,0,0
169.9766,1,0,0,0,0,0,0,0
169.987,0,0,0,0,0,0,0,0
170.1366,1,0,0,0,0,0,0,0
170.147,0,0,0,0,0,0,0,0
170.3056,1,1,0,0,0,0,0,0
170.316,0,0,0,0,0,0,0,0
170.4756,1,0,0,0,0,0,0,0
170.486,0,0,0,0,0,0,0,0
170.6396,1,0,0,0,0,0,0,0
170.65,0,0,0,0,0,0,0,0
170.7986,1,0,0,0,0,0,0,0
170.809,0,0,0,0,0,0,0,0
170.9656,1,0,0,0,0,0,0,0
170.976,0,0,0,0,0,0,0,0
171.1296,1,0,0,0,0,0,0,0
171.14,0,0,0,0,0,0,0,0
171.3006,1,1,0,0,0,0,0,0
171.311,0,0,0,0,0,0,0,0
171.4876,1,0,0,0,0,0,0,0
171.498,0,0,0,0,0,0,0,0
171.6556,1,0,0,0,0,0,0,0
171.666,0,0,0,0,0,0,0,0
171.8076,1,0,0,0,0,0,0,0
171.818,0,0,0,0,0,0,0,0
171.9996,1,1,0,0,0,0,0,0
172.01,0,0,0,0,0,0,0,0
172.1776,1,0,0,0,0,0,0,0
172.188,0,0,0,0,0,0,0,0
172.3366,1,0,0,0,0,0,0,0
172.347,0,0,0,0,0,0,0,0
172.4766,1,0,0,0,0,0,0,0
172.487,0,0,0,0,0,0,0,0
172.6376,1,0,0,0,0,0,0,0
172.648,0,0,0,0,0,0,0,0
172.7936,1,0,0,0,0,0,0,0
172.804,0,0,0,0,0,0,0,0
172.9796,1,1,0,0,0,0,0,0
172.99,0,0,0,0,0,0,0,0
173.1886,1,0,0,0,0,0,0,0
173.199,0,0,0,0,0,0,0,0
173.3506,1,0,0,0,0,0,0,0
173.361,0,0,0,0,0,0,0,0
173.4896,1,0,0,0,0,0,0,0
173.5,0,0,0,0,0,0,0,0
173.6528,1,0,0,0,0,0,0,0
173.663,0,0,0,0,0,0,0,0
173.8166,1,1,0,0,0,0,0,0
173.827,0,0,0,0,0,0,0,0
174.0196,1,0,0,0,0,0,0,0
174.03,0,0,0,0,0,0,0,0
174.2126,1,0,0,0,0,0,0,0
174.223,0,0,0,0,0,0,0,0
174.3476,1,0,0,0,0,0,0,0
174.358,0,0,0,0,0,0,0,0
174.5068,1,0,0,0,0,0,0,0
174.517,0,0,0,0,0,0,0,0
174.6736,1,0,0,0,0,0,0,0
174.684,0,0,0,0,0,0,0,0
174.8378,1,1,0,0,0,0,0,0
174.848,0,0,0,0,0,0,0,0
175.0118,1,0,0,0,0,0,0,0
175.022,0,0,0,0,0,0,0,0
175.2228,1,0,0,0,0,0,0,0
175.233,0,0,0,0,0,0,0,0
175.3698,1,0,0,0,0,0,0,0
175.38,0,0,0,0,0,0,0,0
175.5308,1,1,0,0,0,0,0,0
175.541,0,0,0,0,0,0,0,0
175.7078,1,0,0,0,0,0,0,0
175.718,0,0,0,0,0,0,0,0
175.8718,1,0,0,0,0,0,0,0
175.882,0,0,0,0,0,0,0,0
176.0526,1,0,0,0,0,0,0,0
176.063,0,0,0,0,0,0,0,0
176.1978,1,1,0,0,0,0,0,0
176.208,0,0,0,0,0,0,0,0
176.3828,1,0,0,0,0,0,0,0
176.393,0,0,0,0,0,0,0,0
176.5388,1,0,0,0,0,0,0,0
176.549,0,0,0,0,0,0,0,0
176.7026,1,0,0,0,0,0,0,0
176.713,0,0,0,0,0,0,0,0
176.8638,1,0,0,0,0,0,0,0
176.874,0,0,0,0,0,0,0,0
177.0408,1,1,0,0,0,0,0,0
177.051,0,0,0,0,0,0,0,0
177.2228,1,0,0,0,0,0,0,0
177.233,0,0,0,0,0,0,0,0
177.4148,1,0,0,0,0,0,0,0
177.425,0,0,0,0,0,0,0,0
177.5468,1,0,0,0,0,0,0,0
177.557,0,0,0,0,0,0,0,0
177.6998,1,0,0,0,0,0,0,0
177.71,0,0,0,0,0,0,0,0
177.8618,1,0,0,0,1,0,0,0
177.872,0,0,0,0,0,0,0,0
178.0438,1,0,0,0,1,0,0,0
178.054,0,0,0,0,0,0,0,0
178.2048,1,0,0,0,1,0,0,0
178.215,0,0,0,0,0,0,0,0
178.3538,1,0,0,0,1,0,0,0
178.364,0,0,0,0,0,0,0,0
178.5248,1,0,0,0,1,0,0,0
178.535,0,0,0,0,0,0,0,0
178.6688,1,0,0,0,1,0,0,0
178.679,0,0,0,0,0,0,0,0
178.8168,1,0,0,0,1,0,0,0
178.827,0,0,0,0,0,0,0,0
178.9768,1,0,0,0,1,0,0,0
178.987,0,0,0,0,0,0,0,0
179.1138,1,0,0,0,1,0,0,0
179.124,0,0,0,0,0,0,0,0
179.2628,1,0,0,0,1,0,0,0
179.273,0,0,0,0,0,0,0,0
179.4158,1,0,0,0,0,0,0,0
179.426,0,0,0,0,0,0,0,0
179.5838,1,0,0,0,0,0,0,0
179.594,0,0,0,0,0,0,0,0
179.7218,1,0,0,0,0,0,0,0
179.732,0,0,0,0,0,0,0,0
179.8698,1,0,0,0,0,0,0,0
179.88,0,0,0,0,0,0,0,0
180.0378,1,1,0,0,0,0,0,0
180.048,0,0,0,0,0,0,0,0
180.1888,1,0,0,0,0,0,0,0
180.199,0,0,0,0,0,0,0,0
180.3158,1,0,0,0,0,0,0,0
180.326,0,0,0,0,0,0,0,0
180.4948,1,0,0,0,0,0,0,0
180.505,0,0,0,0,0,0,0,0
180.6318,1,1,0,0,0,0,0,0
180.642,0,0,0,0,0,0,0,0
180.7878,1,0,0,0,0,0,0,0
180.798,0,0,0,0,0,0,0,0
180.9598,1,0,0,0,0,0,0,0
180.97,0,0,0,0,0,0,0,0
181.1128,1,0,0,0,0,0,0,0
181.123,0,0,0,0,0,0,0,0
181.2668,1,0,0,0,0,0,0,0
181.277,0,0,0,0,0,0,0,0
181.4248,1,0,0,0,0,0,0,0
181.435,0,0,0,0,0,0,0,0
181.5968,1,1,0,0,0,0,0,0
181.607,0,0,0,0,0,0,0,0
181.7628,1,0,0,0,0,0,0,0
181.773,0,0,0,0,0,0,0,0
181.9178,1,0,0,0,0,0,0,0
181.928,0,0,0,0,0,0,0,0
182.0848,1,0,0,0,0,0,0,0
182.095,0,0,0,0,0,0,0,0
182.2528,1,1,0,0,0,0,0,0
182.263,0,0,0,0,0,0,0,0
182.4178,1,0,0,0,0,0,0,0
182.428,0,0,0,0,0,0,0,0
182.5788,1,0,0,0,0,0,0,0
182.589,0,0,0,0,0,0,0,0
182.7408,1,0,0,0,0,0,0,0
182.751,0,0,0,0,0,0,0,0
182.9168,1,1,0,0,0,0,0,0
182.927,0,0,0,0,0,0,0,0
183.1038,1,0,0,0,0,0,0,0
183.114,0,0,0,0,0,0,0,0
183.2558,1,0,0,0,0,0,0,0
183.266,0,0,0,0,0,0,0,0
183.4238,1,0,0,0,0,0,0,0
183.434,0,0,0,0,0,0,0,0
183.59,1,0,0,0,0,0,0,0
183.6,0,0,0,0,0,0,0,0
183.7848,1,0,0,0,0,0,0,0
183.795,0,0,0,0,0,0,0,0
183.9418,1,1,0,0,0,0,0,0
183.952,0,0,0,0,0,0,0,0
184.1118,1,0,0,0,0,0,0,0
184.122,0,0,0,0,0,0,0,0
184.2388,1,0,0,0,0,0,0,0
184.249,0,0,0,0,0,0,0,0
184.4218,1,0,0,0,0,0,0,0
184.432,0,0,0,0,0,0,0,0
184.582,1,1,0,0,0,0,0,0
184.592,0,0,0,0,0,0,0,0
184.767,1,0,0,0,0,0,0,0
184.777,0,0,0,0,0,0,0,0
184.977,1,0,0,0,0,0,0,0
184.987,0,0,0,0,0,0,0,0
185.12,1,0,0,0,0,0,0,0
185.13,0,0,0,0,0,0,0,0
185.274,1,0,0,0,0,0,0,0
185.284,0,0,0,0,0,0,0,0
185.455,1,1,0,0,0,0,0,0
185.465,0,0,0,0,0,0,0,0
185.622,1,0,0,0,0,0,0,0
185.632,0,0,0,0,0,0,0,0
185.7708,1,0,0,0,0,0,0,0
185.781,0,0,0,0,0,0,0,0
185.942,1,0,0,0,0,0,0,0
185.952,0,0,0,0,0,0,0,0
186.109,1,1,0,0,0,0,0,0
186.119,0,0,0,0,0,0,0,0
186.294,1,0,0,0,0,0,0,0
186.304,0,0,0,0,0,0,0,0
186.458,1,0,0,0,0,0,0,0
186.468,0,0,0,0,0,0,0,0
186.596,1,0,0,0,0,0,0,0
186.606,0,0,0,0,0,0,0,0
186.7548,1,0,0,0,0,0,0,0
186.765,0,0,0,0,0,0,0,0
186.926,1,0,0,0,0,0,0,0
186.936,0,0,0,0,0,0,0,0
187.099,1,1,0,0,0,0,0,0
187.109,0,0,0,0,0,0,0,0
187.262,1,0,0,0,0,0,0,0
187.272,0,0,0,0,0,0,0,0
187.433,1,0,0,0,0,0,0,0
187.443,0,0,0,0,0,0,0,0
187.604,1,0,0,0,0,0,0,0
187.614,0,0,0,0,0,0,0,0
187.784,1,0,0,0,0,1,0,0
187.794,0,0,0,0,0,0,0,0
188.111,1,0,0,0,0,1,0,0
188.121,0,0,0,0,0,0,0,0
188.246,1,0,0,0,0,1,0,0
188.256,0,0,0,0,0,0,0,0
188.414,1,0,0,0,0,1,0,0
188.424,0,0,0,0,0,0,0,0
188.573,1,0,0,0,0,1,0,0
188.583,0,0,0,0,0,0,0,0
188.724,1,0,0,0,0,1,0,0
188.734,0,0,0,0,0,0,0,0
188.868,1,0,0,0,0,1,0,0
188.878,0,0,0,0,0,0,0,0
189.034,1,0,0,0,0,1,0,0
189.044,0,0,0,0,0,0,0,0
189.179,1,0,0,0,0,1,0,0
189.189,0,0,0,0,0,0,0,0
189.337,1,0,0,0,0,1,0,0
189.347,0,0,0,0,0,0,0,0
189.492,1,0,0,0,0,0,0,0
189.502,0,0,0,0,0,0,0,0
189.639,1,0,0,0,0,0,0,0
189.649,0,0,0,0,0,0,0,0
189.804,1,0,0,0,0,0,0,0
189.814,0,0,0,0,0,0,0,0
189.953,1,1,0,0,0,0,0,0
189.963,0,0,0,0,0,0,0,0
190.119,1,0,0,0,0,0,0,0
190.129,0,0,0,0,0,0,0,0
190.277,1,0,0,0,0,0,0,0
190.287,0,0,0,0,0,0,0,0
190.43,1,0,0,0,0,0,0,0
190.44,0,0,0,0,0,0,0,0
190.586,1,0,0,0,0,0,0,0
190.596,0,0,0,0,0,0,0,0
190.745,1,1,0,0,0,0,0,0
190.755,0,0,0,0,0,0,0,0
190.917,1,0,0,0,0,0,0,0
190.927,0,0,0,0,0,0,0,0
191.08,1,0,0,0,0,0,0,0
191.09,0,0,0,0,0,0,0,0
191.247,1,0,0,0,0,0,0,0
191.257,0,0,0,0,0,0,0,0
191.401,1,0,0,0,0,0,0,0
191.411,0,0,0,0,0,0,0,0
191.551,1,1,0,0,0,0,0,0
191.561,0,0,0,0,0,0,0,0
191.718,1,0,0,0,0,0,0,0
191.728,0,0,0,0,0,0,0,0
191.89,1,0,0,0,0,0,0,0
191.9,0,0,0,0,0,0,0,0
192.039,1,0,0,0,0,0,0,0
192.049,0,0,0,0,0,0,0,0
192.182,1,1,0,0,0,0,0,0
192.192,0,0,0,0,0,0,0,0
192.354,1,0,0,0,0,0,0,0
192.364,0,0,0,0,0,0,0,0
192.512,1,0,0,0,0,0,0,0
192.522,0,0,0,0,0,0,0,0
192.694,1,0,0,0,0,0,0,0
192.704,0,0,0,0,0,0,0,0
192.854,1,0,0,0,0,0,0,0
192.864,0,0,0,0,0,0,0,0
193.012,1,1,0,0,0,0,0,0
193.022,0,0,0,0,0,0,0,0
193.204,1,0,0,0,0,0,0,0
193.214,0,0,0,0,0,0,0,0
193.37,1,0,0,0,0,0,0,0
193.38,0,0,0,0,0,0,0,0
193.534,1,0,0,0,0,0,0,0
193.544,0,0,0,0,0,0,0,0
193.689,1,0,0,0,0,0,0,0
193.699,0,0,0,0,0,0,0,0
193.874,1,1,0,0,0,0,0,0
193.884,0,0,0,0,0,0,0,0
194.059,1,0,0,0,0,0,0,0
194.069,0,0,0,0,0,0,0,0
194.22,1,0,0,0,0,0,0,0
194.23,0,0,0,0,0,0,0,0
194.4032,1,0,0,0,0,0,0,0
194.413,0,0,0,0,0,0,0,0
194.558,1,0,0,0,0,0,0,0
194.568,0,0,0,0,0,0,0,0
194.719,1,1,0,0,0,0,0,0
194.729,0,0,0,0,0,0,0,0
194.902,1,0,0,0,0,0,0,0
194.912,0,0,0,0,0,0,0,0
195.068,1,0,0,0,0,0,0,0
195.078,0,0,0,0,0,0,0,0
195.2422,1,0,0,0,0,0,0,0
195.252,0,0,0,0,0,0,0,0
195.4252,1,1,0,0,0,0,0,0
195.435,0,0,0,0,0,0,0,0
195.599,1,0,0,0,0,0,0,0
195.609,0,0,0,0,0,0,0,0
195.7802,1,0,0,0,0,0,0,0
195.79,0,0,0,0,0,0,0,0
195.9612,1,0,0,0,0,0,0,0
195.971,0,0,0,0,0,0,0,0
196.1092,1,1,0,0,0,0,0,0
196.119,0,0,0,0,0,0,0,0
196.268,1,0,0,0,0,0,0,0
196.278,0,0,0,0,0,0,0,0
196.439,1,0,0,0,0,0,0,0
196.449,0,0,0,0,0,0,0,0
196.612,1,0,0,0,0,0,0,0
196.622,0,0,0,0,0,0,0,0
196.772,1,0,0,0,0,0,0,0
196.782,0,0,0,0,0,0,0,0
196.9532,1,1,0,0,0,0,0,0
196.963,0,0,0,0,0,0,0,0
197.1202,1,0,0,0,0,0,0,0
197.13,0,0,0,0,0,0,0,0
197.2892,1,0,0,0,0,0,0,0
197.299,0,0,0,0,0,0,0,0
197.4762,1,0,0,0,0,0,0,0
197.486,0,0,0,0,0,0,0,0
197.6432,1,0,0,0,0,0,0,1
197.653,0,0,0,0,0,0,0,0
197.8182,1,0,0,0,0,0,0,1
197.828,0,0,0,0,0,0,0,0
198,1,0,0,0,0,0,0,1
198.01,0,0,0,0,0,0,0,0
198.1672,1,0,0,0,0,0,0,1
198.177,0,0,0,0,0,0,0,0
198.3162,1,0,0,0,0,0,0,1
198.326,0,0,0,0,0,0,0,0
198.48,1,0,0,0,0,0,0,1
198.49,0,0,0,0,0,0,0,0
198.6622,1,0,0,0,0,0,0,1
198.672,0,0,0,0,0,0,0,0
198.8252,1,0,0,0,0,0,0,1
198.835,0,0,0,0,0,0,0,0
198.9892,1,0,0,0,0,0,0,1
198.999,0,0,0,0,0,0,0,0
199.1702,1,0,0,0,0,0,0,1
199.18,0,0,0,0,0,0,0,0
199.3662,1,0,0,0,0,0,0,0
199.376,0,0,0,0,0,0,0,0
199.5122,1,0,0,0,0,0,0,0
199.522,0,0,0,0,0,0,0,0
199.6822,1,0,0,0,0,0,0,0
199.692,0,0,0,0,0,0,0,0
199.8422,1,1,0,0,0,0,0,0
199.852,0,0,0,0,0,0,0,0
199.9912,1,0,0,0,0,0,0,0
200.001,0,0,0,0,0,0,0,0
200.1772,1,0,0,0,0,0,0,0
200.187,0,0,0,0,0,0,0,0
200.3412,1,0,0,0,0,0,0,0
200.351,0,0,0,0,0,0,0,0
200.4912,1,1,0,0,0,0,0,0
200.501,0,0,0,0,0,0,0,0
200.6812,1,0,0,0,0,0,0,0
200.691,0,0,0,0,0,0,0,0
200.8462,1,0,0,0,0,0,0,0
200.856,0,0,0,0,0,0,0,0
201.0052,1,0,0,0,0,0,0,0
201.015,0,0,0,0,0,0,0,0
201.1832,1,0,0,0,0,0,0,0
201.193,0,0,0,0,0,0,0,0
201.3382,1,1,0,0,0,0,0,0
201.348,0,0,0,0,0,0,0,0
201.5142,1,0,0,0,0,0,0,0
201.524,0,0,0,0,0,0,0,0
201.6732,1,0,0,0,0,0,0,0
201.683,0,0,0,0,0,0,0,0
201.8462,1,0,0,0,0,0,0,0
201.856,0,0,0,0,0,0,0,0
202.0282,1,1,0,0,0,0,0,0
202.038,0,0,0,0,0,0,0,0
202.1962,1,0,0,0,0,0,0,0
202.206,0,0,0,0,0,0,0,0
202.3652,1,0,0,0,0,0,0,0
202.375,0,0,0,0,0,0,0,0
202.5482,1,0,0,0,0,0,0,0
202.558,0,0,0,0,0,0,0,0
202.7182,1,0,0,0,0,0,0,0
202.728,0,0,0,0,0,0,0,0
202.8932,1,1,0,0,0,0,0,0
202.903,0,0,0,0,0,0,0,0
203.1022,1,0,0,0,0,0,0,0
203.112,0,0,0,0,0,0,0,0
203.2752,1,0,0,0,0,0,0,0
203.285,0,0,0,0,0,0,0,0
203.4722,1,0,0,0,0,0,0,0
203.482,0,0,0,0,0,0,0,0
203.6442,1,0,0,0,0,0,0,0
203.654,0,0,0,0,0,0,0,0
203.8242,1,0,0,0,0,0,0,0
203.834,0,0,0,0,0,0,0,0
204.0042,1,1,0,0,0,0,0,0
204.014,0,0,0,0,0,0,0,0
204.1992,1,0,0,0,0,0,0,0
204.209,0,0,0,0,0,0,0,0
204.3762,1,0,0,0,0,0,0,0
204.386,0,0,0,0,0,0,0,0
204.5402,1,0,0,0,0,0,0,0
204.55,0,0,0,0,0,0,0,0
204.7262,1,0,0,0,0,0,0,0
204.736,0,0,0,0,0,0,0,0
204.9082,1,1,0,0,0,0,0,0
204.918,0,0,0,0,0,0,0,0
205.0792,1,0,0,0,0,0,0,0
205.089,0,0,0,0,0,0,0,0
205.2912,1,0,0,0,0,0,0,0
205.301,0,0,0,0,0,0,0,0
205.4582,1,0,0,0,0,0,0,0
205.468,0,0,0,0,0,0,0,0
205.6362,1,1,0,0,0,0,0,0
205.646,0,0,0,0,0,0,0,0
205.8312,1,0,0,0,0,0,0,0
205.841,0,0,0,0,0,0,0,0
205.9992,1,0,0,0,0,0,0,0
206.009,0,0,0,0,0,0,0,0
206.1802,1,0,0,0,0,0,0,0
206.19,0,0,0,0,0,0,0,0
206.3602,1,1,0,0,0,0,0,0
206.37,0,0,0,0,0,0,0,0
206.5434,1,0,0,0,0,0,0,0
206.553,0,0,0,0,0,0,0,0
206.7352,1,0,0,0,0,0,0,0
206.745,0,0,0,0,0,0,0,0
206.9194,1,0,0,0,0,0,0,0
206.929,0,0,0,0,0,0,0,0
207.0994,1,1,0,0,0,0,0,0
207.109,0,0,0,0,0,0,0,0
207.2832,1,0,0,0,0,0,0,0
207.293,0,0,0,0,0,0,0,0
207.4764,1,0,0,0,0,0,0,0
207.486,0,0,0,0,0,0,0,0
207.6532,1,0,0,0,0,0,0,0
207.663,0,0,0,0,0,0,0,0
207.8114,1,0,0,0,0,0,0,0
207.821,0,0,0,0,0,0,0,0
207.9914,1,0,0,0,0,0,0,0
208.001,0,0,0,0,0,0,0,0
208.2254,1,0,1,0,0,0,0,0
208.235,0,0,0,0,0,0,0,0
211.6164,1,0,1,0,0,0,0,0
211.626,0,0,0,0,0,0,0,0
211.7944,1,0,1,0,0,0,0,0
211.804,0,0,0,0,0,0,0,0
211.9694,1,0,1,0,0,0,0,0
211.979,0,0,0,0,0,0,0,0
212.1134,1,0,1,0,0,0,0,0
212.123,0,0,0,0,0,0,0,0
212.4134,1,0,1,0,0,0,0,0
212.423,0,0,0,0,0,0,0,0
212.8444,1,0,1,0,0,0,0,0
212.854,0,0,0,0,0,0,0,0
212.9884,1,0,1,0,0,0,0,0
212.998,0,0,0,0,0,0,0,0
213.1424,1,0,1,0,0,0,0,0
213.152,0,0,0,0,0,0,0,0
213.3004,1,0,1,0,0,0,0,0
213.31,0,0,0,0,0,0,0,0
213.4504,1,0,0,0,0,0,0,0
213.46,0,0,0,0,0,0,0,0
213.6024,1,0,0,0,0,0,0,0
213.612,0,0,0,0,0,0,0,0
213.7574,1,0,0,0,0,0,0,0
213.767,0,0,0,0,0,0,0,0
213.9224,1,0,0,0,0,0,0,0
213.932,0,0,0,0,0,0,0,0
214.0804,1,0,0,0,0,0,0,0
214.09,0,0,0,0,0,0,0,0
214.2354,1,1,0,0,0,0,0,0
214.245,0,0,0,0,0,0,0,0
214.4034,1,0,0,0,0,0,0,0
214.413,0,0,0,0,0,0,0,0
214.5674,1,0,0,0,0,0,0,0
214.577,0,0,0,0,0,0,0,0
214.7244,1,0,0,0,0,0,0,0
214.734,0,0,0,0,0,0,0,0
214.9094,1,1,0,0,0,0,0,0
214.919,0,0,0,0,0,0,0,0
215.0584,1,0,0,0,0,0,0,0
215.068,0,0,0,0,0,0,0,0
215.2194,1,0,0,0,0,0,0,0
215.229,0,0,0,0,0,0,0,0
215.3884,1,0,0,0,0,0,0,0
215.398,0,0,0,0,0,0,0,0
215.5674,1,0,0,0,0,0,0,0
215.577,0,0,0,0,0,0,0,0
215.7224,1,1,0,0,0,0,0,0
215.732,0,0,0,0,0,0,0,0
215.9024,1,0,0,0,0,0,0,0
215.912,0,0,0,0,0,0,0,0
216.0836,1,0,0,0,0,0,0,0
216.094,0,0,0,0,0,0,0,0
216.2374,1,0,0,0,0,0,0,0
216.247,0,0,0,0,0,0,0,0
217.2306,1,0,0,0,0,0,0,0
217.241,0,0,0,0,0,0,0,0
217.3836,1,0,0,0,0,0,0,0
217.394,0,0,0,0,0,0,0,0
217.5514,1,1,0,0,0,0,0,0
217.561,0,0,0,0,0,0,0,0
217.7236,1,0,0,0,0,0,0,0
217.734,0,0,0,0,0,0,0,0
217.8816,1,0,0,0,0,0,0,0
217.892,0,0,0,0,0,0,0,0
218.0434,1,0,0,0,0,0,0,0
218.053,0,0,0,0,0,0,0,0
218.2186,1,1,0,0,0,0,0,0
218.229,0,0,0,0,0,0,0,0
218.3956,1,0,0,0,0,0,0,0
218.406,0,0,0,0,0,0,0,0
218.5706,1,0,0,0,0,0,0,0
218.581,0,0,0,0,0,0,0,0
218.7416,1,0,0,0,0,0,0,0
218.752,0,0,0,0,0,0,0,0
218.8946,1,0,0,0,0,0,0,0
218.905,0,0,0,0,0,0,0,0
219.0566,1,0,0,0,0,0,0,0
219.067,0,0,0,0,0,0,0,0
219.2806,1,1,0,0,0,0,0,0
219.291,0,0,0,0,0,0,0,0
219.4316,1,0,0,0,0,0,0,0
219.442,0,0,0,0,0,0,0,0
219.6126,1,0,0,0,0,0,0,0
219.623,0,0,0,0,0,0,0,0
219.7896,1,0,0,0,0,0,0,0
219.8,0,0,0,0,0,0,0,0
219.9276,1,1,0,0,0,0,0,0
219.938,0,0,0,0,0,0,0,0
220.1296,1,0,0,0,0,0,0,0
220.14,0,0,0,0,0,0,0,0
220.2926,1,0,0,0,0,0,0,0
220.303,0,0,0,0,0,0,0,0
220.4546,1,0,0,0,0,0,0,0
220.465,0,0,0,0,0,0,0,0
220.6186,1,0,0,0,0,0,0,0
220.629,0,0,0,0,0,0,0,0
220.8166,1,0,0,0,0,0,0,0
220.827,0,0,0,0,0,0,0,0
221.5886,1,1,0,0,0,0,0,0
221.599,0,0,0,0,0,0,0,0
221.8606,1,0,0,0,0,0,0,0
221.871,0,0,0,0,0,0,0,0
222.0246,1,0,0,0,0,0,0,0
222.035,0,0,0,0,0,0,0,0
222.1726,1,0,0,0,0,0,0,0
222.183,0,0,0,0,0,0,0,0
222.3206,1,1,0,0,0,0,0,0
222.331,0,0,0,0,0,0,0,0
222.4976,1,0,0,0,0,0,0,0
222.508,0,0,0,0,0,0,0,0
222.6656,1,0,0,0,0,0,0,0
222.676,0,0,0,0,0,0,0,0
222.8346,1,0,0,0,0,0,0,0
222.845,0,0,0,0,0,0,0,0
222.9876,1,0,0,0,0,0,0,0
222.998,0,0,0,0,0,0,0,0
223.1406,1,0,0,0,0,0,0,0
223.151,0,0,0,0,0,0,0,0
223.3206,1,1,0,0,0,0,0,0
223.331,0,0,0,0,0,0,0,0
223.4896,1,0,0,0,0,0,0,0
223.5,0,0,0,0,0,0,0,0
223.6626,1,0,0,0,0,0,0,0
223.673,0,0,0,0,0,0,0,0
223.8436,1,0,0,0,0,0,0,0
223.854,0,0,0,0,0,0,0,0
224.0316,1,0,0,0,0,0,0,0
224.042,0,0,0,0,0,0,0,0
224.1936,1,0,0,0,0,0,0,0
224.204,0,0,0,0,0,0,0,0
224.3746,1,0,0,0,0,0,1,0
224.385,0,0,0,0,0,0,0,0
226.7878,1,0,0,0,0,0,1,0
226.798,0,0,0,0,0,0,0,0
226.9496,1,0,0,0,0,0,1,0
226.96,0,0,0,0,0,0,0,0
227.1016,1,0,0,0,0,0,1,0
227.112,0,0,0,0,0,0,0,0
227.2566,1,0,0,0,0,0,1,0
227.267,0,0,0,0,0,0,0,0
227.4088,1,0,0,0,0,0,1,0
227.419,0,0,0,0,0,0,0,0
227.5658,1,0,0,0,0,0,1,0
227.576,0,0,0,0,0,0,0,0
227.7278,1,0,0,0,0,0,1,0
227.738,0,0,0,0,0,0,0,0
227.8938,1,0,0,0,0,0,1,0
227.904,0,0,0,0,0,0,0,0
228.0558,1,0,0,0,0,0,1,0
228.066,0,0,0,0,0,0,0,0
228.2218,1,0,0,0,0,0,0,0
228.232,0,0,0,0,0,0,0,0
228.3848,1,0,0,0,0,0,0,0
228.395,0,0,0,0,0,0,0,0
228.5468,1,0,0,0,0,0,0,0
228.557,0,0,0,0,0,0,0,0
228.7108,1,0,0,0,0,0,0,0
228.721,0,0,0,0,0,0,0,0
228.8728,1,0,0,0,0,0,0,0
228.883,0,0,0,0,0,0,0,0
229.0338,1,1,0,0,0,0,0,0
229.044,0,0,0,0,0,0,0,0
229.2038,1,0,0,0,0,0,0,0
229.214,0,0,0,0,0,0,0,0
229.3548,1,0,0,0,0,0,0,0
229.365,0,0,0,0,0,0,0,0
229.5598,1,0,0,0,0,0,0,0
229.57,0,0,0,0,0,0,0,0
229.7008,1,1,0,0,0,0,0,0
229.711,0,0,0,0,0,0,0,0
229.8648,1,0,0,0,0,0,0,0
229.875,0,0,0,0,0,0,0,0
230.0378,1,0,0,0,0,0,0,0
230.048,0,0,0,0,0,0,0,0
230.1978,1,0,0,0,0,0,0,0
230.208,0,0,0,0,0,0,0,0
230.3478,1,0,0,0,0,0,0,0
230.358,0,0,0,0,0,0,0,0
230.5588,1,1,0,0,0,0,0,0
230.569,0,0,0,0,0,0,0,0
230.6988,1,0,0,0,0,0,0,0
230.709,0,0,0,0,0,0,0,0
230.8608,1,0,0,0,0,0,0,0
230.871,0,0,0,0,0,0,0,0
231.0538,1,0,0,0,0,0,0,0
231.064,0,0,0,0,0,0,0,0
231.2148,1,1,0,0,0,0,0,0
231.225,0,0,0,0,0,0,0,0
231.3818,1,0,0,0,0,0,0,0
231.392,0,0,0,0,0,0,0,0
231.5568,1,0,0,0,0,0,0,0
231.567,0,0,0,0,0,0,0,0
231.7128,1,0,0,0,0,0,0,0
231.723,0,0,0,0,0,0,0,0
231.8658,1,0,0,0,0,0,0,0
231.876,0,0,0,0,0,0,0,0
232.0448,1,1,0,0,0,0,0,0
232.055,0,0,0,0,0,0,0,0
232.1948,1,0,0,0,0,0,0,0
232.205,0,0,0,0,0,0,0,0
232.3518,1,0,0,0,0,0,0,0
232.362,0,0,0,0,0,0,0,0
232.5258,1,0,0,0,0,0,0,0
232.536,0,0,0,0,0,0,0,0
232.6818,1,1,0,0,0,0,0,0
232.692,0,0,0,0,0,0,0,0
232.8418,1,0,0,0,0,0,0,0
232.852,0,0,0,0,0,0,0,0
233.0208,1,0,0,0,0,0,0,0
233.031,0,0,0,0,0,0,0,0
233.1698,1,0,0,0,0,0,0,0
233.18,0,0,0,0,0,0,0,0
233.3358,1,1,0,0,0,0,0,0
233.346,0,0,0,0,0,0,0,0
233.5278,1,0,0,0,0,0,0,0
233.538,0,0,0,0,0,0,0,0
233.6708,1,0,0,0,0,0,0,0
233.681,0,0,0,0,0,0,0,0
233.8268,1,0,0,0,0,0,0,0
233.837,0,0,0,0,0,0,0,0
234.0228,1,0,0,0,0,0,0,0
234.033,0,0,0,0,0,0,0,0
234.1658,1,1,0,0,0,0,0,0
234.176,0,0,0,0,0,0,0,0
234.3388,1,0,0,0,0,0,0,0
234.349,0,0,0,0,0,0,0,0
234.5378,1,0,0,0,0,0,0,0
234.548,0,0,0,0,0,0,0,0
234.6668,1,0,0,0,0,0,0,0
234.677,0,0,0,0,0,0,0,0
234.8308,1,0,0,0,0,0,0,0
234.841,0,0,0,0,0,0,0,0
235.0028,1,1,0,0,0,0,0,0
235.013,0,0,0,0,0,0,0,0
235.1728,1,0,0,0,0,0,0,0
235.183,0,0,0,0,0,0,0,0
235.3408,1,0,0,0,0,0,0,0
235.351,0,0,0,0,0,0,0,0
235.5238,1,0,0,0,0,0,0,0
235.534,0,0,0,0,0,0,0,0
235.6958,1,0,0,0,0,0,0,0
235.706,0,0,0,0,0,0,0,0
235.8548,1,1,0,0,0,0,0,0
235.865,0,0,0,0,0,0,0,0
236.0548,1,0,0,0,0,0,0,0
236.065,0,0,0,0,0,0,0,0
236.2238,1,0,0,0,0,0,0,0
236.234,0,0,0,0,0,0,0,0
236.3908,1,0,0,0,0,0,0,0
236.401,0,0,0,0,0,0,0,0
236.5638,1,0,0,0,0,0,0,0
236.574,0,0,0,0,0,0,0,0
236.753,1,0,0,0,0,0,1,0
236.763,0,0,0,0,0,0,0,0
237.791,1,0,0,0,0,0,1,0
237.801,0,0,0,0,0,0,0,0
237.955,1,0,0,0,0,0,1,0
237.965,0,0,0,0,0,0,0,0
238.112,1,0,0,0,0,0,1,0
238.122,0,0,0,0,0,0,0,0
238.265,1,0,0,0,0,0,1,0
238.275,0,0,0,0,0,0,0,0
238.428,1,0,0,0,0,0,1,0
238.438,0,0,0,0,0,0,0,0
238.596,1,0,0,0,0,0,1,0
238.606,0,0,0,0,0,0,0,0
238.777,1,0,0,0,0,0,1,0
238.787,0,0,0,0,0,0,0,0
238.932,1,0,0,0,0,0,1,0
238.942,0,0,0,0,0,0,0,0
239.091,1,0,0,0,0,0,1,0
239.101,0,0,0,0,0,0,0,0
239.248,1,0,0,0,0,0,0,0
239.258,0,0,0,0,0,0,0,0
239.451,1,0,0,0,0,0,0,0
239.461,0,0,0,0,0,0,0,0
239.612,1,0,0,0,0,0,0,0
239.622,0,0,0,0,0,0,0,0
239.768,1,0,0,0,0,0,0,0
239.778,0,0,0,0,0,0,0,0
239.959,1,1,0,0,0,0,0,0
239.969,0,0,0,0,0,0,0,0
240.102,1,0,0,0,0,0,0,0
240.112,0,0,0,0,0,0,0,0
240.257,1,0,0,0,0,0,0,0
240.267,0,0,0,0,0,0,0,0
240.433,1,0,0,0,0,0,0,0
240.443,0,0,0,0,0,0,0,0
240.584,1,1,0,0,0,0,0,0
240.594,0,0,0,0,0,0,0,0
240.758,1,0,0,0,0,0,0,0
240.768,0,0,0,0,0,0,0,0
240.92,1,0,0,0,0,0,0,0
240.93,0,0,0,0,0,0,0,0
241.077,1,0,0,0,0,0,0,0
241.087,0,0,0,0,0,0,0,0
241.257,1,1,0,0,0,0,0,0
241.267,0,0,0,0,0,0,0,0
241.413,1,0,0,0,0,0,0,0
241.423,0,0,0,0,0,0,0,0
241.563,1,0,0,0,0,0,0,0
241.573,0,0,0,0,0,0,0,0
241.731,1,0,0,0,0,0,0,0
241.741,0,0,0,0,0,0,0,0
241.904,1,0,0,0,0,0,0,0
241.914,0,0,0,0,0,0,0,0
242.066,1,1,0,0,0,0,0,0
242.076,0,0,0,0,0,0,0,0
242.239,1,0,0,0,0,0,0,0
242.249,0,0,0,0,0,0,0,0
242.439,1,0,0,0,0,0,0,0
242.449,0,0,0,0,0,0,0,0
242.586,1,0,0,0,0,0,0,0
242.596,0,0,0,0,0,0,0,0
242.752,1,0,0,0,0,0,0,0
242.762,0,0,0,0,0,0,0,0
242.922,1,0,0,0,0,0,0,0
242.932,0,0,0,0,0,0,0,0
243.101,1,1,0,0,0,0,0,0
243.111,0,0,0,0,0,0,0,0
243.289,1,0,0,0,0,0,0,0
243.299,0,0,0,0,0,0,0,0
243.451,1,0,0,0,0,0,0,0
243.461,0,0,0,0,0,0,0,0
243.603,1,0,0,0,0,0,0,0
243.613,0,0,0,0,0,0,0,0
243.773,1,0,0,0,0,0,0,0
243.783,0,0,0,0,0,0,0,0
243.945,1,0,0,0,0,0,0,0
243.955,0,0,0,0,0,0,0,0
244.133,1,1,0,0,0,0,0,0
244.143,0,0,0,0,0,0,0,0
244.33,1,0,0,0,0,0,0,0
244.34,0,0,0,0,0,0,0,0
244.509,1,0,0,0,0,0,0,0
244.519,0,0,0,0,0,0,0,0
244.682,1,0,0,0,0,0,0,0
244.692,0,0,0,0,0,0,0,0
246.799,1,1,0,0,0,0,0,0
246.809,0,0,0,0,0,0,0,0
246.963,1,0,0,0,0,0,0,0
246.973,0,0,0,0,0,0,0,0
247.115,1,0,0,0,0,0,0,0
247.125,0,0,0,0,0,0,0,0
247.2722,1,0,0,0,0,0,0,0
247.282,0,0,0,0,0,0,0,0
247.4302,1,0,0,0,0,0,0,0
247.44,0,0,0,0,0,0,0,0
247.593,1,1,0,0,0,0,0,0
247.603,0,0,0,0,0,0,0,0
247.7612,1,0,0,0,0,0,0,0
247.771,0,0,0,0,0,0,0,0
247.942,1,0,0,0,0,0,0,0
247.952,0,0,0,0,0,0,0,0
248.1042,1,0,0,0,0,0,0,0
248.114,0,0,0,0,0,0,0,0
248.2672,1,1,0,0,0,0,0,0
248.277,0,0,0,0,0,0,0,0
248.4392,1,0,0,0,0,0,0,0
248.449,0,0,0,0,0,0,0,0
248.6282,1,0,0,0,0,0,0,0
248.638,0,0,0,0,0,0,0,0
248.8072,1,0,0,0,0,0,0,0
248.817,0,0,0,0,0,0,0,0
292.145,1,0,0,0,0,0,0,0
292.155,0,0,0,0,0,0,0,0
292.258,1,1,0,0,0,0,0,0
292.268,0,0,0,0,0,0,0,0
292.387,1,0,0,0,0,0,0,0
292.397,0,0,0,0,0,0,0,0
292.513,1,0,0,0,0,0,0,0
292.523,0,0,0,0,0,0,0,0
292.652,1,0,0,0,0,0,0,0
292.662,0,0,0,0,0,0,0,0
292.799,1,0,0,0,0,0,0,0
292.809,0,0,0,0,0,0,0,0
292.94,1,0,0,1,0,0,0,0
292.95,0,0,0,0,0,0,0,0
293.09,1,0,0,1,0,0,0,0
293.1,0,0,0,0,0,0,0,0
293.238,1,0,0,1,0,0,0,0
293.248,0,0,0,0,0,0,0,0
293.391,1,0,0,1,0,0,0,0
293.401,0,0,0,0,0,0,0,0
293.571,1,0,0,1,0,0,0,0
293.581,0,0,0,0,0,0,0,0
293.699,1,0,0,1,0,0,0,0
293.709,0,0,0,0,0,0,0,0
293.878,1,0,0,1,0,0,0,0
293.888,0,0,0,0,0,0,0,0
294.029,1,0,0,1,0,0,0,0
294.039,0,0,0,0,0,0,0,0
294.189,1,0,0,1,0,0,0,0
294.199,0,0,0,0,0,0,0,0
294.355,1,0,0,1,0,0,0,0
294.365,0,0,0,0,0,0,0,0
294.521,1,0,0,0,0,0,0,0
294.531,0,0,0,0,0,0,0,0
294.69,1,0,0,0,0,0,0,0
294.7,0,0,0,0,0,0,0,0
294.854,1,0,0,0,0,0,0,0
294.864,0,0,0,0,0,0,0,0
295.016,1,0,0,0,0,0,0,0
295.026,0,0,0,0,0,0,0,0
295.183,1,1,0,0,0,0,0,0
295.193,0,0,0,0,0,0,0,0
295.358,1,0,0,0,0,0,0,0
295.368,0,0,0,0,0,0,0,0
295.523,1,0,0,0,0,0,0,0
295.533,0,0,0,0,0,0,0,0
295.698,1,0,0,0,0,0,0,0
295.708,0,0,0,0,0,0,0,0
295.838,1,1,0,0,0,0,0,0
295.848,0,0,0,0,0,0,0,0
296.034,1,0,0,0,0,0,0,0
296.044,0,0,0,0,0,0,0,0
296.194,1,0,0,0,0,0,0,0
296.204,0,0,0,0,0,0,0,0
296.328,1,0,0,0,0,0,0,0
296.338,0,0,0,0,0,0,0,0
296.493,1,0,0,0,0,0,0,0
296.503,0,0,0,0,0,0,0,0
296.64,1,1,0,0,0,0,0,0
296.65,0,0,0,0,0,0,0,0
296.814,1,0,0,0,0,0,0,0
296.824,0,0,0,0,0,0,0,0
296.984,1,0,0,0,0,0,0,0
296.994,0,0,0,0,0,0,0,0
297.172,1,0,0,0,0,0,0,0
297.182,0,0,0,0,0,0,0,0
297.311,1,1,0,0,0,0,0,0
297.321,0,0,0,0,0,0,0,0
297.492,1,0,0,0,0,0,0,0
297.502,0,0,0,0,0,0,0,0
297.693,1,0,0,0,0,0,0,0
297.703,0,0,0,0,0,0,0,0
297.806,1,0,0,0,0,0,0,0
297.816,0,0,0,0,0,0,0,0
297.985,1,1,0,0,0,0,0,0
297.995,0,0,0,0,0,0,0,0
298.139,1,0,0,0,0,0,0,0
298.149,0,0,0,0,0,0,0,0
298.327,1,0,0,0,0,0,0,0
298.337,0,0,0,0,0,0,0,0
298.472,1,0,0,0,0,0,0,0
298.482,0,0,0,0,0,0,0,0
298.638,1,0,0,0,0,0,0,0
298.648,0,0,0,0,0,0,0,0
298.805,1,1,0,0,0,0,0,0
298.815,0,0,0,0,0,0,0,0
298.968,1,0,0,0,0,0,0,0
298.978,0,0,0,0,0,0,0,0
299.139,1,0,0,0,0,0,0,0
299.149,0,0,0,0,0,0,0,0
299.334,1,0,0,0,0,0,0,0
299.344,0,0,0,0,0,0,0,0
299.4852,1,1,0,0,0,0,0,0
299.495,0,0,0,0,0,0,0,0
299.6432,1,0,0,0,0,0,0,0
299.653,0,0,0,0,0,0,0,0
299.8012,1,0,0,0,0,0,0,0
299.811,0,0,0,0,0,0,0,0
299.9692,1,0,0,0,0,0,0,0
299.979,0,0,0,0,0,0,0,0
300.136,1,0,0,0,0,0,0,0
300.146,0,0,0,0,0,0,0,0
300.3182,1,0,0,0,0,0,0,0
300.328,0,0,0,0,0,0,0,0
300.4892,1,1,0,0,0,0,0,0
300.499,0,0,0,0,0,0,0,0
300.6632,1,0,0,0,0,0,0,0
300.673,0,0,0,0,0,0,0,0
300.8582,1,0,0,0,0,0,0,0
300.868,0,0,0,0,0,0,0,0
301.0222,1,0,0,0,0,0,0,0
301.032,0,0,0,0,0,0,0,0
301.2072,1,0,0,0,0,0,0,0
301.217,0,0,0,0,0,0,0,0
301.3482,1,0,0,0,0,0,0,0
301.358,0,0,0,0,0,0,0,0
301.5182,1,1,0,0,0,0,0,0
301.528,0,0,0,0,0,0,0,0
301.6862,1,0,0,0,0,0,0,0
301.696,0,0,0,0,0,0,0,0
301.8922,1,0,0,0,0,0,0,0
301.902,0,0,0,0,0,0,0,0
302.0462,1,0,0,0,0,0,0,0
302.056,0,0,0,0,0,0,0,0
302.2212,1,1,0,0,0,0,0,0
302.231,0,0,0,0,0,0,0,0
302.4102,1,0,0,0,0,0,0,0
302.42,0,0,0,0,0,0,0,0
302.5522,1,0,0,0,0,0,0,0
302.562,0,0,0,0,0,0,0,0
302.7382,1,0,0,0,0,0,0,0
302.748,0,0,0,0,0,0,0,0
302.9122,1,0,0,0,0,0,0,0
302.922,0,0,0,0,0,0,0,0
303.0682,1,0,1,0,0,0,0,0
303.078,0,0,0,0,0,0,0,0
303.3442,1,0,1,0,0,0,0,0
303.354,0,0,0,0,0,0,0,0
303.6982,1,0,1,0,0,0,0,0
303.708,0,0,0,0,0,0,0,0
304.3722,1,0,1,0,0,0,0,0
304.382,0,0,0,0,0,0,0,0
304.5262,1,0,1,0,0,0,0,0
304.536,0,0,0,0,0,0,0,0
304.6712,1,0,1,0,0,0,0,0
304.681,0,0,0,0,0,0,0,0
304.8252,1,0,1,0,0,0,0,0
304.835,0,0,0,0,0,0,0,0
304.9932,1,0,1,0,0,0,0,0
305.003,0,0,0,0,0,0,0,0
305.1582,1,0,1,0,0,0,0,0
305.168,0,0,0,0,0,0,0,0
305.3182,1,0,1,0,0,0,0,0
305.328,0,0,0,0,0,0,0,0
305.4782,1,0,0,0,0,0,0,0
305.488,0,0,0,0,0,0,0,0
305.6452,1,0,0,0,0,0,0,0
305.655,0,0,0,0,0,0,0,0
305.8132,1,0,0,0,0,0,0,0
305.823,0,0,0,0,0,0,0,0
305.9672,1,0,0,0,0,0,0,0
305.977,0,0,0,0,0,0,0,0
306.1312,1,1,0,0,0,0,0,0
306.141,0,0,0,0,0,0,0,0
306.3002,1,0,0,0,0,0,0,0
306.31,0,0,0,0,0,0,0,0
306.4712,1,0,0,0,0,0,0,0
306.481,0,0,0,0,0,0,0,0
306.6332,1,0,0,0,0,0,0,0
306.643,0,0,0,0,0,0,0,0
306.8092,1,0,0,0,0,0,0,0
306.819,0,0,0,0,0,0,0,0
306.9672,1,1,0,0,0,0,0,0
306.977,0,0,0,0,0,0,0,0
307.1412,1,0,0,0,0,0,0,0
307.151,0,0,0,0,0,0,0,0
307.3412,1,0,0,0,0,0,0,0
307.351,0,0,0,0,0,0,0,0
307.4952,1,0,0,0,0,0,0,0
307.505,0,0,0,0,0,0,0,0
307.6662,1,0,0,0,0,0,0,0
307.676,0,0,0,0,0,0,0,0
307.8322,1,0,0,0,0,0,0,0
307.842,0,0,0,0,0,0,0,0
307.9962,1,1,0,0,0,0,0,0
308.006,0,0,0,0,0,0,0,0
308.1722,1,0,0,0,0,0,0,0
308.182,0,0,0,0,0,0,0,0
308.3402,1,0,0,0,0,0,0,0
308.35,0,0,0,0,0,0,0,0
308.4992,1,0,0,0,0,0,0,0
308.509,0,0,0,0,0,0,0,0
308.6682,1,1,0,0,0,0,0,0
308.678,0,0,0,0,0,0,0,0
310.1762,1,0,0,0,0,0,0,0
310.186,0,0,0,0,0,0,0,0
311.7892,1,0,0,0,0,0,0,0
311.799,0,0,0,0,0,0,0,0
311.9864,1,0,0,0,0,0,0,0
311.996,0,0,0,0,0,0,0,0
312.4634,1,1,0,0,0,0,0,0
312.473,0,0,0,0,0,0,0,0
312.5894,1,0,0,0,0,0,0,0
312.599,0,0,0,0,0,0,0,0
312.7244,1,0,0,0,0,0,0,0
312.734,0,0,0,0,0,0,0,0
312.8844,1,0,0,0,0,0,0,0
312.894,0,0,0,0,0,0,0,0
313.0564,1,0,0,0,0,0,0,0
313.066,0,0,0,0,0,0,0,0
313.2104,1,0,0,0,0,0,0,0
313.22,0,0,0,0,0,0,0,0
313.3664,1,1,0,0,0,0,0,0
313.376,0,0,0,0,0,0,0,0
313.5314,1,0,0,0,0,0,0,0
313.541,0,0,0,0,0,0,0,0
313.7094,1,0,0,0,0,0,0,0
313.719,0,0,0,0,0,0,0,0
313.8594,1,0,0,0,0,0,0,0
313.869,0,0,0,0,0,0,0,0
314.0244,1,1,0,0,0,0,0,0
314.034,0,0,0,0,0,0,0,0
314.2204,1,0,0,0,0,0,0,0
314.23,0,0,0,0,0,0,0,0
314.3674,1,0,0,0,0,0,0,0
314.377,0,0,0,0,0,0,0,0
314.5364,1,0,0,0,0,0,0,0
314.546,0,0,0,0,0,0,0,0
314.7004,1,1,0,0,0,0,0,0
314.71,0,0,0,0,0,0,0,0
314.8854,1,0,0,0,0,0,0,0
314.895,0,0,0,0,0,0,0,0
315.0504,1,0,0,0,0,0,0,0
315.06,0,0,0,0,0,0,0,0
315.2044,1,0,0,0,0,0,0,0
315.214,0,0,0,0,0,0,0,0
315.3964,1,0,0,0,0,0,0,0
315.406,0,0,0,0,0,0,0,0
315.5454,1,1,0,0,0,0,0,0
315.555,0,0,0,0,0,0,0,0
315.7484,1,0,0,0,0,0,0,0
315.758,0,0,0,0,0,0,0,0
315.9044,1,0,0,0,0,0,0,0
315.914,0,0,0,0,0,0,0,0
316.0954,1,0,0,0,0,0,0,0
316.105,0,0,0,0,0,0,0,0
316.2454,1,0,0,0,0,0,0,0
316.255,0,0,0,0,0,0,0,0
316.4294,1,0,0,0,0,0,0,0
316.439,0,0,0,0,0,0,0,0
316.6004,1,1,0,0,0,0,0,0
316.61,0,0,0,0,0,0,0,0
316.7884,1,0,0,0,0,0,0,0
316.798,0,0,0,0,0,0,0,0
316.9444,1,0,0,0,0,0,0,0
316.954,0,0,0,0,0,0,0,0
317.1174,1,0,0,0,0,0,0,0
317.127,0,0,0,0,0,0,0,0
317.2774,1,0,0,0,0,0,0,0
317.287,0,0,0,0,0,0,0,0
317.4394,1,0,0,0,0,0,0,0
317.449,0,0,0,0,0,0,0,0
317.6194,1,0,0,0,0,1,0,0
317.629,0,0,0,0,0,0,0,0
317.8004,1,0,0,0,0,1,0,0
317.81,0,0,0,0,0,0,0,0
317.9774,1,0,0,0,0,1,0,0
317.987,0,0,0,0,0,0,0,0
318.1244,1,0,0,0,0,1,0,0
318.134,0,0,0,0,0,0,0,0
318.2594,1,0,0,0,0,1,0,0
318.269,0,0,0,0,0,0,0,0
318.4244,1,0,0,0,0,1,0,0
318.434,0,0,0,0,0,0,0,0
318.5644,1,0,0,0,0,1,0,0
318.574,0,0,0,0,0,0,0,0
318.7054,1,0,0,0,0,1,0,0
318.715,0,0,0,0,0,0,0,0
318.8644,1,0,0,0,0,1,0,0
318.874,0,0,0,0,0,0,0,0
319.0124,1,0,0,0,0,1,0,0
319.022,0,0,0,0,0,0,0,0
319.1614,1,0,0,0,0,0,0,0
319.171,0,0,0,0,0,0,0,0
319.3354,1,0,0,0,0,0,0,0
319.345,0,0,0,0,0,0,0,0
319.4794,1,0,0,0,0,0,0,0
319.489,0,0,0,0,0,0,0,0
319.6274,1,0,0,0,0,0,0,0
319.637,0,0,0,0,0,0,0,0
319.8044,1,0,0,0,0,0,0,0
319.814,0,0,0,0,0,0,0,0
319.9584,1,1,0,0,0,0,0,0
319.968,0,0,0,0,0,0,0,0
320.1224,1,0,0,0,0,0,0,0
320.132,0,0,0,0,0,0,0,0
320.2806,1,0,0,0,0,0,0,0
320.291,0,0,0,0,0,0,0,0
320.4264,1,0,0,0,0,0,0,0
320.436,0,0,0,0,0,0,0,0
320.6066,1,1,0,0,0,0,0,0
320.617,0,0,0,0,0,0,0,0
320.7754,1,0,0,0,0,0,0,0
320.785,0,0,0,0,0,0,0,0
320.9266,1,0,0,0,0,0,0,0
320.937,0,0,0,0,0,0,0,0
321.0566,1,0,0,0,0,0,0,0
321.067,0,0,0,0,0,0,0,0
321.2166,1,0,0,0,0,0,0,0
321.227,0,0,0,0,0,0,0,0
321.4034,1,0,0,0,0,0,0,0
321.413,0,0,0,0,0,0,0,0
321.5726,1,1,0,0,0,0,0,0
321.583,0,0,0,0,0,0,0,0
321.7536,1,0,0,0,0,0,0,0
321.764,0,0,0,0,0,0,0,0
321.9266,1,0,0,0,0,0,0,0
321.937,0,0,0,0,0,0,0,0
322.0936,1,0,0,0,0,0,0,0
322.104,0,0,0,0,0,0,0,0
322.2626,1,1,0,0,0,0,0,0
322.273,0,0,0,0,0,0,0,0
322.4376,1,0,0,0,0,0,0,0
322.448,0,0,0,0,0,0,0,0
322.6216,1,0,0,0,0,0,0,0
322.632,0,0,0,0,0,0,0,0
322.7854,1,0,0,0,0,0,0,0
322.795,0,0,0,0,0,0,0,0
322.9576,1,0,0,0,0,0,0,0
322.968,0,0,0,0,0,0,0,0
323.1286,1,0,0,0,0,0,0,0
323.139,0,0,0,0,0,0,0,0
323.3026,1,1,0,0,0,0,0,0
323.313,0,0,0,0,0,0,0,0
323.5036,1,0,0,0,0,0,0,0
323.514,0,0,0,0,0,0,0,0
323.7156,1,0,0,0,0,0,0,0
323.726,0,0,0,0,0,0,0,0
323.8586,1,0,0,0,0,0,0,0
323.869,0,0,0,0,0,0,0,0
324.0376,1,0,0,0,0,0,0,0
324.048,0,0,0,0,0,0,0,0
324.2246,1,1,0,0,0,0,0,0
324.235,0,0,0,0,0,0,0,0
324.4056,1,0,0,0,0,0,0,0
324.416,0,0,0,0,0,0,0,0
324.5866,1,0,0,0,0,0,0,0
324.597,0,0,0,0,0,0,0,0
324.7366,1,0,0,0,0,0,0,0
324.747,0,0,0,0,0,0,0,0
324.8986,1,0,0,0,0,0,0,0
324.909,0,0,0,0,0,0,0,0
325.0926,1,1,0,0,0,0,0,0
325.103,0,0,0,0,0,0,0,0
325.2746,1,0,0,0,0,0,0,0
325.285,0,0,0,0,0,0,0,0
325.4586,1,0,0,0,0,0,0,0
325.469,0,0,0,0,0,0,0,0
325.6266,1,0,0,0,0,0,0,0
325.637,0,0,0,0,0,0,0,0
325.8116,1,0,0,0,0,0,0,0
325.822,0,0,0,0,0,0,0,0
325.9646,1,0,0,0,0,0,0,0
325.975,0,0,0,0,0,0,0,0
326.1396,1,1,0,0,0,0,0,0
326.15,0,0,0,0,0,0,0,0
326.3676,1,0,0,0,0,0,0,0
326.378,0,0,0,0,0,0,0,0
326.5256,1,0,0,0,0,0,0,0
326.536,0,0,0,0,0,0,0,0
326.7436,1,0,0,0,0,0,0,0
326.754,0,0,0,0,0,0,0,0
326.8866,1,0,0,0,0,0,0,0
326.897,0,0,0,0,0,0,0,0
327.0486,1,0,0,0,0,0,0,0
327.059,0,0,0,0,0,0,0,0
327.2606,1,1,0,0,0,0,0,0
327.271,0,0,0,0,0,0,0,0
327.4716,1,0,0,0,0,0,0,0
327.482,0,0,0,0,0,0,0,0
327.6336,1,0,0,0,0,0,0,0
327.644,0,0,0,0,0,0,0,0
327.8256,1,0,0,0,0,0,0,0
327.836,0,0,0,0,0,0,0,0
327.9956,1,1,0,0,0,0,0,0
328.006,0,0,0,0,0,0,0,0
328.1816,1,0,0,0,0,0,0,0
328.192,0,0,0,0,0,0,0,0
328.3856,1,0,0,0,0,0,0,0
328.396,0,0,0,0,0,0,0,0
328.5416,1,0,0,0,0,0,0,0
328.552,0,0,0,0,0,0,0,0
328.7106,1,0,0,0,0,0,0,0
328.721,0,0,0,0,0,0,0,0
328.8956,1,0,0,0,1,0,0,0
328.906,0,0,0,0,0,0,0,0
329.0796,1,0,0,0,1,0,0,0
329.09,0,0,0,0,0,0,0,0
329.2366,1,0,0,0,1,0,0,0
329.247,0,0,0,0,0,0,0,0
329.3906,1,0,0,0,1,0,0,0
329.401,0,0,0,0,0,0,0,0
329.5606,1,0,0,0,1,0,0,0
329.571,0,0,0,0,0,0,0,0
329.7166,1,0,0,0,1,0,0,0
329.727,0,0,0,0,0,0,0,0
329.8666,1,0,0,0,1,0,0,0
329.877,0,0,0,0,0,0,0,0
330.0246,1,0,0,0,1,0,0,0
330.035,0,0,0,0,0,0,0,0
330.1896,1,0,0,0,1,0,0,0
330.2,0,0,0,0,0,0,0,0
330.3666,1,0,0,0,1,0,0,0
330.377,0,0,0,0,0,0,0,0
330.5166,1,0,0,0,0,0,0,0
330.527,0,0,0,0,0,0,0,0
330.6766,1,0,0,0,0,0,0,0
330.687,0,0,0,0,0,0,0,0
330.8346,1,0,0,0,0,0,0,0
330.845,0,0,0,0,0,0,0,0
330.9936,1,0,0,0,0,0,0,0
331.004,0,0,0,0,0,0,0,0
331.1548,1,1,0,0,0,0,0,0
331.165,0,0,0,0,0,0,0,0
331.3338,1,0,0,0,0,0,0,0
331.344,0,0,0,0,0,0,0,0
331.4936,1,0,0,0,0,0,0,0
331.504,0,0,0,0,0,0,0,0
331.6548,1,0,0,0,0,0,0,0
331.665,0,0,0,0,0,0,0,0
331.8268,1,0,0,0,0,0,0,0
331.837,0,0,0,0,0,0,0,0
331.9878,1,0,0,0,0,0,0,0
331.998,0,0,0,0,0,0,0,0
332.1518,1,1,0,0,0,0,0,0
332.162,0,0,0,0,0,0,0,0
332.3206,1,0,0,0,0,0,0,0
332.331,0,0,0,0,0,0,0,0
332.4888,1,0,0,0,0,0,0,0
332.499,0,0,0,0,0,0,0,0
332.6618,1,0,0,0,0,0,0,0
332.672,0,0,0,0,0,0,0,0
332.8208,1,0,0,0,0,0,0,0
332.831,0,0,0,0,0,0,0,0
332.9948,1,0,0,0,0,0,0,0
333.005,0,0,0,0,0,0,0,0
333.1798,1,1,0,0,0,0,0,0
333.19,0,0,0,0,0,0,0,0
333.3828,1,0,0,0,0,0,0,0
333.393,0,0,0,0,0,0,0,0
333.5488,1,0,0,0,0,0,0,0
333.559,0,0,0,0,0,0,0,0
333.6998,1,0,0,0,0,0,0,0
333.71,0,0,0,0,0,0,0,0
334.9628,1,0,0,0,0,0,0,0
334.973,0,0,0,0,0,0,0,0
335.1258,1,0,0,0,0,0,0,0
335.136,0,0,0,0,0,0,0,0
335.2698,1,1,0,0,0,0,0,0
335.28,0,0,0,0,0,0,0,0
335.4518,1,0,0,0,0,0,0,0
335.462,0,0,0,0,0,0,0,0
335.6138,1,0,0,0,0,0,0,0
335.624,0,0,0,0,0,0,0,0
335.7818,1,0,0,0,0,0,0,0
335.792,0,0,0,0,0,0,0,0
335.9618,1,0,0,0,0,0,0,0
335.972,0,0,0,0,0,0,0,0
336.1128,1,1,0,0,0,0,0,0
336.123,0,0,0,0,0,0,0,0
336.2888,1,0,0,0,0,0,0,0
336.299,0,0,0,0,0,0,0,0
336.4678,1,0,0,0,0,0,0,0
336.478,0,0,0,0,0,0,0,0
336.6498,1,0,0,0,0,0,0,0
336.66,0,0,0,0,0,0,0,0
336.8148,1,1,0,0,0,0,0,0
336.825,0,0,0,0,0,0,0,0
336.9798,1,0,0,0,0,0,0,0
336.99,0,0,0,0,0,0,0,0
337.1518,1,0,0,0,0,0,0,0
337.162,0,0,0,0,0,0,0,0
337.3038,1,0,0,0,0,0,0,0
337.314,0,0,0,0,0,0,0,0
337.4938,1,0,0,0,0,0,0,0
337.504,0,0,0,0,0,0,0,0
337.6558,1,0,0,0,0,0,0,0
337.666,0,0,0,0,0,0,0,0
337.8308,1,1,0,0,0,0,0,0
337.841,0,0,0,0,0,0,0,0
338.0048,1,0,0,0,0,0,0,0
338.015,0,0,0,0,0,0,0,0
338.1668,1,0,0,0,0,0,0,0
338.177,0,0,0,0,0,0,0,0
338.3558,1,0,0,0,0,0,0,0
338.366,0,0,0,0,0,0,0,0
338.5098,1,0,0,0,0,0,0,0
338.52,0,0,0,0,0,0,0,0
338.6798,1,0,0,0,0,0,0,0
338.69,0,0,0,0,0,0,0,0
338.8498,1,1,0,0,0,0,0,0
338.86,0,0,0,0,0,0,0,0
339.0478,1,0,0,0,0,0,0,0
339.058,0,0,0,0,0,0,0,0
339.2138,1,0,0,0,0,0,0,0
339.224,0,0,0,0,0,0,0,0
339.3798,1,0,0,0,0,0,0,0
339.39,0,0,0,0,0,0,0,0
339.5328,1,1,0,0,0,0,0,0
339.543,0,0,0,0,0,0,0,0
339.7268,1,0,0,0,0,0,0,0
339.737,0,0,0,0,0,0,0,0
339.8978,1,0,0,0,0,0,0,0
339.908,0,0,0,0,0,0,0,0
340.0748,1,0,0,0,0,0,0,0
340.085,0,0,0,0,0,0,0,0
342.581,1,0,0,0,0,0,0,0
342.591,0,0,0,0,0,0,0,0
343.127,1,1,0,0,0,0,0,0
343.137,0,0,0,0,0,0,0,0
343.272,1,0,0,0,0,0,0,0
343.282,0,0,0,0,0,0,0,0
343.43,1,0,0,0,0,0,0,0
343.44,0,0,0,0,0,0,0,0
345.491,1,0,0,0,0,0,0,0
345.501,0,0,0,0,0,0,0,0
345.615,1,0,0,0,0,0,0,0
345.625,0,0,0,0,0,0,0,0
345.77,1,0,0,0,0,0,0,1
345.78,0,0,0,0,0,0,0,0
345.924,1,0,0,0,0,0,0,1
345.934,0,0,0,0,0,0,0,0
346.117,1,0,0,0,0,0,0,1
346.127,0,0,0,0,0,0,0,0
346.295,1,0,0,0,0,0,0,1
346.305,0,0,0,0,0,0,0,0
346.44,1,0,0,0,0,0,0,1
346.45,0,0,0,0,0,0,0,0
346.614,1,0,0,0,0,0,0,1
346.624,0,0,0,0,0,0,0,0
346.778,1,0,0,0,0,0,0,1
346.788,0,0,0,0,0,0,0,0
346.931,1,0,0,0,0,0,0,1
346.941,0,0,0,0,0,0,0,0
347.082,1,0,0,0,0,0,0,1
347.092,0,0,0,0,0,0,0,0
347.245,1,0,0,0,0,0,0,1
347.255,0,0,0,0,0,0,0,0
347.546,1,0,0,0,0,0,0,0
347.556,0,0,0,0,0,0,0,0
347.701,1,0,0,0,0,0,0,0
347.711,0,0,0,0,0,0,0,0
347.852,1,0,0,0,0,0,0,0
347.862,0,0,0,0,0,0,0,0
348.005,1,0,0,0,0,0,0,0
348.015,0,0,0,0,0,0,0,0
348.156,1,1,0,0,0,0,0,0
348.166,0,0,0,0,0,0,0,0
348.305,1,0,0,0,0,0,0,0
348.315,0,0,0,0,0,0,0,0
352.354,1,0,0,0,0,0,0,0
352.364,0,0,0,0,0,0,0,0
352.489,1,0,0,0,0,0,0,0
352.499,0,0,0,0,0,0,0,0
352.6212,1,0,0,0,0,0,0,0
352.631,0,0,0,0,0,0,0,0
352.77,1,1,0,0,0,0,0,0
352.78,0,0,0,0,0,0,0,0
352.9222,1,0,0,0,0,0,0,0
352.932,0,0,0,0,0,0,0,0
353.0742,1,0,0,0,0,0,0,0
353.084,0,0,0,0,0,0,0,0
353.2352,1,0,0,0,0,0,0,0
353.245,0,0,0,0,0,0,0,0
353.4052,1,0,0,0,0,0,0,0
353.415,0,0,0,0,0,0,0,0
353.5602,1,0,0,0,0,0,0,0
353.57,0,0,0,0,0,0,0,0
353.7242,1,1,0,0,0,0,0,0
353.734,0,0,0,0,0,0,0,0
353.893,1,0,0,0,0,0,0,0
353.903,0,0,0,0,0,0,0,0
354.0702,1,0,0,0,0,0,0,0
354.08,0,0,0,0,0,0,0,0
354.2312,1,0,0,0,0,0,0,0
354.241,0,0,0,0,0,0,0,0
354.4082,1,0,0,0,0,0,0,0
354.418,0,0,0,0,0,0,0,0
354.5702,1,0,0,0,0,0,0,0
354.58,0,0,0,0,0,0,0,0
354.7352,1,1,0,0,0,0,0,0
354.745,0,0,0,0,0,0,0,0
354.8962,1,0,0,0,0,0,0,0
354.906,0,0,0,0,0,0,0,0
355.0762,1,0,0,0,0,0,0,0
355.086,0,0,0,0,0,0,0,0
355.2632,1,0,0,0,0,0,0,0
355.273,0,0,0,0,0,0,0,0
355.4212,1,0,0,0,0,0,0,0
355.431,0,0,0,0,0,0,0,0
408.8982,1,0,0,0,0,0,0,0
408.908,0,0,0,0,0,0,0,0
409.0352,1,1,0,0,0,0,0,0
409.045,0,0,0,0,0,0,0,0
409.1692,1,0,0,0,0,0,0,0
409.179,0,0,0,0,0,0,0,0
409.3132,1,0,0,0,0,0,0,0
409.323,0,0,0,0,0,0,0,0
409.4602,1,0,0,0,0,0,0,0
409.47,0,0,0,0,0,0,0,0
409.6272,1,1,0,0,0,0,0,0
409.637,0,0,0,0,0,0,0,0
409.9162,1,0,0,0,0,0,0,0
409.926,0,0,0,0,0,0,0,0
410.0802,1,0,0,0,0,0,0,0
410.09,0,0,0,0,0,0,0,0
410.2212,1,0,0,0,0,0,0,0
410.231,0,0,0,0,0,0,0,0
410.3682,1,0,0,0,0,0,0,0
410.378,0,0,0,0,0,0,0,0
410.5272,1,1,0,0,0,0,0,0
410.537,0,0,0,0,0,0,0,0
410.6842,1,0,0,0,0,0,0,0
410.694,0,0,0,0,0,0,0,0
410.8282,1,0,0,0,0,0,0,0
410.838,0,0,0,0,0,0,0,0
410.9862,1,0,0,0,0,0,0,0
410.996,0,0,0,0,0,0,0,0
411.1312,1,1,0,0,0,0,0,0
411.141,0,0,0,0,0,0,0,0
411.3012,1,0,0,0,0,0,0,0
411.311,0,0,0,0,0,0,0,0
411.4582,1,0,0,0,0,0,0,0
411.468,0,0,0,0,0,0,0,0
411.6442,1,0,0,0,0,0,0,0
411.654,0,0,0,0,0,0,0,0
411.7942,1,0,0,0,0,0,0,0
411.804,0,0,0,0,0,0,0,0
411.9542,1,0,0,0,0,0,0,0
411.964,0,0,0,0,0,0,0,0
412.1192,1,1,0,0,0,0,0,0
412.129,0,0,0,0,0,0,0,0
412.2732,1,0,0,0,0,0,0,0
412.283,0,0,0,0,0,0,0,0
412.4362,1,0,0,0,0,0,0,0
412.446,0,0,0,0,0,0,0,0
412.6052,1,0,0,0,0,0,0,0
412.615,0,0,0,0,0,0,0,0
412.7612,1,1,0,0,0,0,0,0
412.771,0,0,0,0,0,0,0,0
412.9222,1,0,0,0,0,0,0,0
412.932,0,0,0,0,0,0,0,0
413.0882,1,0,0,0,0,0,0,0
413.098,0,0,0,0,0,0,0,0
413.2422,1,0,0,0,0,0,0,0
413.252,0,0,0,0,0,0,0,0
413.4012,1,0,0,0,0,0,0,0
413.411,0,0,0,0,0,0,0,0
413.5692,1,0,0,0,1,0,0,0
413.579,0,0,0,0,0,0,0,0
413.7682,1,0,0,0,1,0,0,0
413.778,0,0,0,0,0,0,0,0
413.9122,1,0,0,0,1,0,0,0
413.922,0,0,0,0,0,0,0,0
414.0502,1,0,0,0,1,0,0,0
414.06,0,0,0,0,0,0,0,0
414.1952,1,0,0,0,1,0,0,0
414.205,0,0,0,0,0,0,0,0
414.3452,1,0,0,0,1,0,0,0
414.355,0,0,0,0,0,0,0,0
414.4932,1,0,0,0,1,0,0,0
414.503,0,0,0,0,0,0,0,0
414.6442,1,0,0,0,1,0,0,0
414.654,0,0,0,0,0,0,0,0
414.8152,1,0,0,0,1,0,0,0
414.825,0,0,0,0,0,0,0,0
414.9772,1,0,0,0,1,0,0,0
414.987,0,0,0,0,0,0,0,0
415.1212,1,0,0,0,0,0,0,0
415.131,0,0,0,0,0,0,0,0
415.2714,1,0,0,0,0,0,0,0
415.281,0,0,0,0,0,0,0,0
415.4252,1,0,0,0,0,0,0,0
415.435,0,0,0,0,0,0,0,0
415.5842,1,0,0,0,0,0,0,0
415.594,0,0,0,0,0,0,0,0
415.7454,1,1,0,0,0,0,0,0
415.755,0,0,0,0,0,0,0,0
415.9072,1,0,0,0,0,0,0,0
415.917,0,0,0,0,0,0,0,0
416.0642,1,0,0,0,0,0,0,0
416.074,0,0,0,0,0,0,0,0
416.2392,1,0,0,0,0,0,0,0
416.249,0,0,0,0,0,0,0,0
416.4192,1,0,0,0,0,0,0,0
416.429,0,0,0,0,0,0,0,0
416.5724,1,1,0,0,0,0,0,0
416.582,0,0,0,0,0,0,0,0
416.7372,1,0,0,0,0,0,0,0
416.747,0,0,0,0,0,0,0,0
416.8894,1,0,0,0,0,0,0,0
416.899,0,0,0,0,0,0,0,0
417.0384,1,0,0,0,0,0,0,0
417.048,0,0,0,0,0,0,0,0
417.2092,1,0,0,0,0,0,0,0
417.219,0,0,0,0,0,0,0,0
417.3754,1,0,0,0,0,0,0,0
417.385,0,0,0,0,0,0,0,0
417.5404,1,1,0,0,0,0,0,0
417.55,0,0,0,0,0,0,0,0
417.7294,1,0,0,0,0,0,0,0
417.739,0,0,0,0,0,0,0,0
417.8824,1,0,0,0,0,0,0,0
417.892,0,0,0,0,0,0,0,0
418.0404,1,0,0,0,0,0,0,0
418.05,0,0,0,0,0,0,0,0
418.2044,1,0,0,0,0,0,0,0
418.214,0,0,0,0,0,0,0,0
418.3752,1,0,0,0,0,0,0,0
418.385,0,0,0,0,0,0,0,0
418.5444,1,1,0,0,0,0,0,0
418.554,0,0,0,0,0,0,0,0
418.7034,1,0,0,0,0,0,0,0
418.713,0,0,0,0,0,0,0,0
418.8714,1,0,0,0,0,0,0,0
418.881,0,0,0,0,0,0,0,0
419.0444,1,0,0,0,0,0,0,0
419.054,0,0,0,0,0,0,0,0
419.2224,1,1,0,0,0,0,0,0
419.232,0,0,0,0,0,0,0,0
419.3804,1,0,0,0,0,0,0,0
419.39,0,0,0,0,0,0,0,0
419.5334,1,0,0,0,0,0,0,0
419.543,0,0,0,0,0,0,0,0
423.4474,1,0,0,0,0,0,0,0
423.457,0,0,0,0,0,0,0,0
423.5724,1,0,0,0,0,0,0,0
423.582,0,0,0,0,0,0,0,0
423.7184,1,1,0,0,0,0,0,0
423.728,0,0,0,0,0,0,0,0
423.8684,1,0,0,0,0,0,0,0
423.878,0,0,0,0,0,0,0,0
467.7912,1,0,0,0,0,0,0,0
467.801,0,0,0,0,0,0,0,0
467.8992,1,0,0,0,0,0,0,0
467.909,0,0,0,0,0,0,0,0
468.0194,1,0,0,0,0,0,0,0
468.029,0,0,0,0,0,0,0,0
468.1362,1,0,0,0,0,0,0,0
468.146,0,0,0,0,0,0,0,0
468.2782,1,1,0,0,0,0,0,0
468.288,0,0,0,0,0,0,0,0
468.4162,1,0,0,0,0,0,0,0
468.426,0,0,0,0,0,0,0,0
468.5522,1,0,0,0,0,0,0,0
468.562,0,0,0,0,0,0,0,0
468.7024,1,0,0,0,0,0,0,0
468.712,0,0,0,0,0,0,0,0
468.8492,1,1,0,0,0,0,0,0
468.859,0,0,0,0,0,0,0,0
468.9822,1,0,0,0,0,0,0,0
468.992,0,0,0,0,0,0,0,0
469.1252,1,0,0,0,0,0,0,0
469.135,0,0,0,0,0,0,0,0
469.2712,1,0,0,0,0,0,0,0
469.281,0,0,0,0,0,0,0,0
469.4362,1,0,0,0,0,0,0,0
469.446,0,0,0,0,0,0,0,0
469.5692,1,1,0,0,0,0,0,0
469.579,0,0,0,0,0,0,0,0
469.7282,1,0,0,0,0,0,0,0
469.738,0,0,0,0,0,0,0,0
469.8742,1,0,0,0,0,0,0,0
469.884,0,0,0,0,0,0,0,0
470.0292,1,0,0,0,0,0,0,0
470.039,0,0,0,0,0,0,0,0
470.1664,1,0,0,0,0,0,0,0
470.176,0,0,0,0,0,0,0,0
487.7066,1,1,0,0,0,0,0,0
487.717,0,0,0,0,0,0,0,0
487.8246,1,0,0,0,0,0,0,0
487.835,0,0,0,0,0,0,0,0
487.9456,1,0,0,0,0,0,0,0
487.956,0,0,0,0,0,0,0,0
488.0666,1,0,0,0,0,0,0,0
488.077,0,0,0,0,0,0,0,0
488.2026,1,0,0,0,0,0,0,0
488.213,0,0,0,0,0,0,0,0
488.3426,1,0,1,0,0,0,0,0
488.353,0,0,0,0,0,0,0,0
489.2016,1,0,1,0,0,0,0,0
489.212,0,0,0,0,0,0,0,0
489.4606,1,0,1,0,0,0,0,0
489.471,0,0,0,0,0,0,0,0
489.7526,1,0,1,0,0,0,0,0
489.763,0,0,0,0,0,0,0,0
489.9246,1,0,1,0,0,0,0,0
489.935,0,0,0,0,0,0,0,0
490.0746,1,0,1,0,0,0,0,0
490.085,0,0,0,0,0,0,0,0
490.2306,1,0,1,0,0,0,0,0
490.241,0,0,0,0,0,0,0,0
490.3956,1,0,1,0,0,0,0,0
490.406,0,0,0,0,0,0,0,0
490.8026,1,0,1,0,0,0,0,0
490.813,0,0,0,0,0,0,0,0
490.9778,1,0,0,0,0,0,1,0
490.988,0,0,0,0,0,0,0,0
491.1246,1,0,0,0,0,0,0,0
491.135,0,0,0,0,0,0,0,0
491.2526,1,0,0,0,0,0,0,0
491.263,0,0,0,0,0,0,0,0
491.4448,1,0,0,0,0,0,0,0
491.455,0,0,0,0,0,0,0,0
491.5786,1,0,0,0,0,0,0,0
491.589,0,0,0,0,0,0,0,0
491.7438,1,1,0,0,0,0,0,0
491.754,0,0,0,0,0,0,0,0
491.8736,1,0,0,0,0,0,0,0
491.884,0,0,0,0,0,0,0,0
492.0348,1,0,0,0,0,0,0,0
492.045,0,0,0,0,0,0,0,0
492.1828,1,0,0,0,0,0,0,0
492.193,0,0,0,0,0,0,0,0
492.3696,1,0,0,0,0,0,0,0
492.38,0,0,0,0,0,0,0,0
492.5138,1,0,0,0,0,1,0,0
492.524,0,0,0,0,0,0,0,0
492.6816,1,0,0,0,0,0,0,0
492.692,0,0,0,0,0,0,0,0
492.8298,1,0,0,0,0,0,0,0
492.84,0,0,0,0,0,0,0,0
492.9958,1,0,0,0,0,0,0,0
493.006,0,0,0,0,0,0,0,0
493.1588,1,1,0,0,0,0,0,0
493.169,0,0,0,0,0,0,0,0
493.3548,1,0,0,0,0,0,0,0
493.365,0,0,0,0,0,0,0,0
493.4868,1,0,0,0,0,0,0,0
493.497,0,0,0,0,0,0,0,0
493.6398,1,0,0,0,0,0,0,0
493.65,0,0,0,0,0,0,0,0
493.8188,1,1,0,0,0,0,0,0
493.829,0,0,0,0,0,0,0,0
494.0008,1,0,0,0,0,0,0,0
494.011,0,0,0,0,0,0,0,0
495.9618,1,0,0,0,0,0,0,0
495.972,0,0,0,0,0,0,0,0
496.0918,1,0,0,0,0,0,0,0
496.102,0,0,0,0,0,0,0,0
496.2328,1,0,0,0,0,0,0,0
496.243,0,0,0,0,0,0,0,0
496.3848,1,0,0,0,0,0,0,0
496.395,0,0,0,0,0,0,0,0
496.5488,1,1,0,0,0,0,0,0
496.559,0,0,0,0,0,0,0,0
496.7208,1,0,0,0,0,0,0,0
496.731,0,0,0,0,0,0,0,0
496.8668,1,0,0,0,0,0,0,0
496.877,0,0,0,0,0,0,0,0
497.0288,1,0,0,0,0,0,0,0
497.039,0,0,0,0,0,0,0,0
497.1848,1,0,0,0,0,0,0,0
497.195,0,0,0,0,0,0,0,0
497.3478,1,0,0,0,0,0,0,0
497.358,0,0,0,0,0,0,0,0
497.5268,1,1,0,0,0,0,0,0
497.537,0,0,0,0,0,0,0,0
497.6908,1,0,0,0,0,0,0,0
497.701,0,0,0,0,0,0,0,0
497.9818,1,0,0,0,0,0,0,0
497.992,0,0,0,0,0,0,0,0
498.1518,1,0,0,0,0,0,0,0
498.162,0,0,0,0,0,0,0,0
498.5048,1,0,0,0,0,0,0,0
498.515,0,0,0,0,0,0,0,0
498.6528,1,0,0,0,0,0,0,0
498.663,0,0,0,0,0,0,0,0
498.8198,1,1,0,0,0,0,0,0
498.83,0,0,0,0,0,0,0,0
499.1238,1,0,0,0,0,0,0,0
499.134,0,0,0,0,0,0,0,0
499.3288,1,0,0,0,0,0,0,0
499.339,0,0,0,0,0,0,0,0
499.4588,1,0,0,0,0,0,0,0
499.469,0,0,0,0,0,0,0,0
499.6268,1,1,0,0,0,0,0,0
499.637,0,0,0,0,0,0,0,0
499.8008,1,0,0,0,0,0,0,0
499.811,0,0,0,0,0,0,0,0
499.9488,1,0,0,0,0,0,0,0
499.959,0,0,0,0,0,0,0,0
500.1258,1,0,0,0,0,0,0,0
500.136,0,0,0,0,0,0,0,0
500.2698,1,1,0,0,0,0,0,0
500.28,0,0,0,0,0,0,0,0
500.5948,1,0,0,0,0,0,0,0
500.605,0,0,0,0,0,0,0,0
500.7548,1,0,0,0,0,0,0,0
500.765,0,0,0,0,0,0,0,0
500.9388,1,0,0,0,0,0,0,0
500.949,0,0,0,0,0,0,0,0
501.0998,1,0,0,0,0,0,0,0
501.11,0,0,0,0,0,0,0,0
501.269,1,0,0,0,0,0,0,0
501.279,0,0,0,0,0,0,0,0
501.432,1,1,0,0,0,0,0,0
501.442,0,0,0,0,0,0,0,0
501.6288,1,0,0,0,0,0,0,0
501.639,0,0,0,0,0,0,0,0
501.7928,1,0,0,0,0,0,0,0
501.803,0,0,0,0,0,0,0,0
501.9358,1,0,0,0,0,0,0,0
501.946,0,0,0,0,0,0,0,0
506.784,1,0,0,0,0,0,0,1
506.794,0,0,0,0,0,0,0,0
506.899,1,0,0,0,0,0,0,1
506.909,0,0,0,0,0,0,0,0
507.056,1,0,0,0,0,0,0,1
507.066,0,0,0,0,0,0,0,0
507.22,1,0,0,0,0,0,0,1
507.23,0,0,0,0,0,0,0,0
507.352,1,0,0,0,0,0,0,1
507.362,0,0,0,0,0,0,0,0
514.2152,1,0,0,0,0,0,0,1
514.225,0,0,0,0,0,0,0,0
566.717,1,0,0,0,0,0,0,1
566.727,0,0,0,0,0,0,0,0
566.8602,1,0,0,0,0,0,0,1
566.87,0,0,0,0,0,0,0,0
566.983,1,0,0,0,0,0,0,1
566.993,0,0,0,0,0,0,0,0
567.129,1,0,0,0,0,0,0,1
567.139,0,0,0,0,0,0,0,0
569.2242,1,0,0,0,0,0,0,0
569.234,0,0,0,0,0,0,0,0
569.3432,1,0,0,0,0,0,0,0
569.353,0,0,0,0,0,0,0,0
569.4942,1,0,0,0,0,0,0,0
569.504,0,0,0,0,0,0,0,0
569.7582,1,1,0,0,0,0,0,0
569.768,0,0,0,0,0,0,0,0
570.0462,1,0,0,0,0,0,0,0
570.056,0,0,0,0,0,0,0,0
570.2212,1,0,0,0,0,0,0,0
570.231,0,0,0,0,0,0,0,0
570.3582,1,0,0,0,0,0,0,0
570.368,0,0,0,0,0,0,0,0
570.5032,1,1,0,0,0,0,0,0
570.513,0,0,0,0,0,0,0,0
570.6612,1,0,0,0,0,0,0,0
570.671,0,0,0,0,0,0,0,0
570.7932,1,0,0,0,0,0,0,0
570.803,0,0,0,0,0,0,0,0
570.9542,1,0,0,0,0,0,0,0
570.964,0,0,0,0,0,0,0,0
571.0922,1,1,0,0,0,0,0,0
571.102,0,0,0,0,0,0,0,0
571.4022,1,0,0,0,0,0,0,0
571.412,0,0,0,0,0,0,0,0
571.5742,1,0,0,0,0,0,0,0
571.584,0,0,0,0,0,0,0,0
571.7192,1,0,0,0,0,0,0,0
571.729,0,0,0,0,0,0,0,0
571.8522,1,0,0,0,0,0,0,0
571.862,0,0,0,0,0,0,0,0
572.0152,1,1,0,0,0,0,0,0
572.025,0,0,0,0,0,0,0,0
572.2892,1,0,0,0,0,0,0,0
572.299,0,0,0,0,0,0,0,0
572.4682,1,0,0,0,0,0,0,0
572.478,0,0,0,0,0,0,0,0
572.6122,1,0,0,0,0,0,0,0
572.622,0,0,0,0,0,0,0,0
572.7542,1,0,0,0,0,0,0,0
572.764,0,0,0,0,0,0,0,0
572.8882,1,1,0,0,0,0,0,0
572.898,0,0,0,0,0,0,0,0
573.2122,1,0,0,0,0,0,0,0
573.222,0,0,0,0,0,0,0,0
573.3942,1,0,0,0,0,0,0,0
573.404,0,0,0,0,0,0,0,0
573.5432,1,0,0,0,0,0,0,0
573.553,0,0,0,0,0,0,0,0
573.7242,1,0,0,0,0,0,0,0
573.734,0,0,0,0,0,0,0,0
573.8692,1,0,0,0,0,0,0,0
573.879,0,0,0,0,0,0,0,0
574.0382,1,1,0,0,0,0,0,0
574.048,0,0,0,0,0,0,0,0
574.2252,1,0,0,0,0,0,0,0
574.235,0,0,0,0,0,0,0,0
574.3702,1,0,0,0,0,0,0,0
574.38,0,0,0,0,0,0,0,0
574.5392,1,0,0,0,0,0,0,0
574.549,0,0,0,0,0,0,0,0
574.6892,1,0,0,0,0,0,0,0
574.699,0,0,0,0,0,0,0,0
574.8252,1,0,0,0,0,0,0,0
574.835,0,0,0,0,0,0,0,0
575.0002,1,1,0,0,0,0,0,0
575.01,0,0,0,0,0,0,0,0
575.1572,1,0,0,0,0,0,0,0
575.167,0,0,0,0,0,0,0,0
575.2942,1,0,0,0,0,0,0,0
575.304,0,0,0,0,0,0,0,0
575.4382,1,0,0,0,0,0,0,0
575.448,0,0,0,0,0,0,0,0
575.5902,1,1,0,0,0,0,0,0
575.6,0,0,0,0,0,0,0,0
575.7742,1,0,0,0,0,0,0,0
575.784,0,0,0,0,0,0,0,0
575.9452,1,0,0,0,0,0,0,0
575.955,0,0,0,0,0,0,0,0
576.1172,1,0,0,0,0,0,0,0
576.127,0,0,0,0,0,0,0,0
576.2492,1,1,0,0,0,0,0,0
576.259,0,0,0,0,0,0,0,0
576.4272,1,0,0,0,0,0,0,0
576.437,0,0,0,0,0,0,0,0
576.6214,1,0,0,0,0,0,0,0
576.631,0,0,0,0,0,0,0,0
576.7712,1,0,0,0,0,0,0,0
576.781,0,0,0,0,0,0,0,0
576.9282,1,1,0,0,0,0,0,0
576.938,0,0,0,0,0,0,0,0
577.1052,1,0,0,0,0,0,0,0
577.115,0,0,0,0,0,0,0,0
577.2724,1,0,0,0,0,0,0,0
577.282,0,0,0,0,0,0,0,0
577.4362,1,0,0,0,0,0,0,0
577.446,0,0,0,0,0,0,0,0
577.6032,1,0,0,0,0,0,0,0
577.613,0,0,0,0,0,0,0,0
577.7742,1,0,0,0,0,1,0,0
577.784,0,0,0,0,0,0,0,0
577.9394,1,0,0,0,0,1,0,0
577.949,0,0,0,0,0,0,0,0
578.0764,1,0,0,0,0,1,0,0
578.086,0,0,0,0,0,0,0,0
578.5514,1,0,0,0,0,1,0,0
578.561,0,0,0,0,0,0,0,0
578.7084,1,0,0,0,0,1,0,0
578.718,0,0,0,0,0,0,0,0
578.8564,1,0,0,0,0,1,0,0
578.866,0,0,0,0,0,0,0,0
579.0034,1,0,0,0,0,1,0,0
579.013,0,0,0,0,0,0,0,0
579.1474,1,0,0,0,0,1,0,0
579.157,0,0,0,0,0,0,0,0
579.6054,1,0,0,0,0,1,0,0
579.615,0,0,0,0,0,0,0,0
579.7614,1,0,0,0,0,1,0,0
579.771,0,0,0,0,0,0,0,0
579.9104,1,0,0,0,0,0,0,0
579.92,0,0,0,0,0,0,0,0
580.0584,1,0,0,0,0,0,0,0
580.068,0,0,0,0,0,0,0,0
580.2122,1,0,0,0,0,0,0,0
580.222,0,0,0,0,0,0,0,0
580.3604,1,0,0,0,0,0,0,0
580.37,0,0,0,0,0,0,0,0
580.5214,1,1,0,0,0,0,0,0
580.531,0,0,0,0,0,0,0,0
580.6924,1,0,0,0,0,0,0,0
580.702,0,0,0,0,0,0,0,0
580.8544,1,0,0,0,0,0,0,0
580.864,0,0,0,0,0,0,0,0
581.1684,1,0,0,0,0,0,0,0
581.178,0,0,0,0,0,0,0,0
581.3284,1,0,0,0,0,0,0,0
581.338,0,0,0,0,0,0,0,0
581.4924,1,1,0,0,0,0,0,0
581.502,0,0,0,0,0,0,0,0
581.6564,1,0,0,0,0,0,0,0
581.666,0,0,0,0,0,0,0,0
581.8304,1,0,0,0,0,0,0,0
581.84,0,0,0,0,0,0,0,0
581.9704,1,0,0,0,0,0,0,0
581.98,0,0,0,0,0,0,0,0
582.1294,1,1,0,0,0,0,0,0
582.139,0,0,0,0,0,0,0,0
582.3054,1,0,0,0,0,0,0,0
582.315,0,0,0,0,0,0,0,0
582.4844,1,0,0,0,0,0,0,0
582.494,0,0,0,0,0,0,0,0
582.6224,1,0,0,0,0,0,0,0
582.632,0,0,0,0,0,0,0,0
582.7804,1,0,0,0,0,0,0,0
582.79,0,0,0,0,0,0,0,0
582.9334,1,0,0,0,0,0,0,0
582.943,0,0,0,0,0,0,0,0
583.1104,1,1,0,0,0,0,0,0
583.12,0,0,0,0,0,0,0,0
583.2684,1,0,0,0,0,0,0,0
583.278,0,0,0,0,0,0,0,0
583.4674,1,0,0,0,0,0,0,0
583.477,0,0,0,0,0,0,0,0
583.6134,1,0,0,0,0,0,0,0
583.623,0,0,0,0,0,0,0,0
583.7724,1,1,0,0,0,0,0,0
583.782,0,0,0,0,0,0,0,0
583.9514,1,0,0,0,0,0,0,0
583.961,0,0,0,0,0,0,0,0
584.1194,1,0,0,0,0,0,0,0
584.129,0,0,0,0,0,0,0,0
584.2914,1,0,0,0,0,0,0,0
584.301,0,0,0,0,0,0,0,0
584.4714,1,1,0,0,0,0,0,0
584.481,0,0,0,0,0,0,0,0
584.6504,1,0,0,0,0,0,0,0
584.66,0,0,0,0,0,0,0,0
584.7924,1,0,0,0,0,0,0,0
584.802,0,0,0,0,0,0,0,0
584.9734,1,0,0,0,0,0,0,0
584.983,0,0,0,0,0,0,0,0
585.1254,1,1,0,0,0,0,0,0
585.135,0,0,0,0,0,0,0,0
585.2804,1,0,0,0,0,0,0,0
585.29,0,0,0,0,0,0,0,0
585.6234,1,0,0,0,0,0,0,0
585.633,0,0,0,0,0,0,0,0
585.7684,1,0,0,0,0,0,0,0
585.778,0,0,0,0,0,0,0,0
585.9304,1,1,0,0,0,0,0,0
585.94,0,0,0,0,0,0,0,0
586.1224,1,0,0,0,0,0,0,0
586.132,0,0,0,0,0,0,0,0
586.2854,1,0,0,0,0,0,0,0
586.295,0,0,0,0,0,0,0,0
586.4364,1,0,0,0,0,0,0,0
586.446,0,0,0,0,0,0,0,0
586.6174,1,0,0,0,0,0,0,0
586.627,0,0,0,0,0,0,0,0
586.7884,1,1,0,0,0,0,0,0
586.798,0,0,0,0,0,0,0,0
586.9624,1,0,0,0,0,0,0,0
586.972,0,0,0,0,0,0,0,0
587.1164,1,0,0,0,0,0,0,0
587.126,0,0,0,0,0,0,0,0
587.3004,1,0,0,0,0,0,0,0
587.31,0,0,0,0,0,0,0,0
587.4714,1,0,0,0,0,0,0,0
587.481,0,0,0,0,0,0,0,0
587.6504,1,1,0,0,0,0,0,0
587.66,0,0,0,0,0,0,0,0
587.8194,1,0,0,0,0,0,0,0
587.829,0,0,0,0,0,0,0,0
587.9746,1,0,0,0,0,0,0,0
587.985,0,0,0,0,0,0,0,0
588.1524,1,0,0,0,0,0,0,0
588.162,0,0,0,0,0,0,0,0
588.2924,1,0,0,1,0,0,0,0
588.302,0,0,0,0,0,0,0,0
588.4734,1,0,0,1,0,0,0,0
588.483,0,0,0,0,0,0,0,0
588.6484,1,0,0,1,0,0,0,0
588.658,0,0,0,0,0,0,0,0
599.0326,1,0,0,1,0,0,0,0
599.043,0,0,0,0,0,0,0,0
599.1846,1,0,0,1,0,0,0,0
599.195,0,0,0,0,0,0,0,0
599.5036,1,0,0,1,0,0,0,0
599.514,0,0,0,0,0,0,0,0
647.2216,1,0,0,1,0,0,0,0
647.232,0,0,0,0,0,0,0,0
647.3516,1,0,0,1,0,0,0,0
647.362,0,0,0,0,0,0,0,0
647.6116,1,0,0,1,0,0,0,0
647.622,0,0,0,0,0,0,0,0
647.7666,1,0,0,1,0,0,0,0
647.777,0,0,0,0,0,0,0,0
647.9116,1,0,0,0,0,0,0,0
647.922,0,0,0,0,0,0,0,0
648.0606,1,0,0,0,0,0,0,0
648.071,0,0,0,0,0,0,0,0
648.3586,1,0,0,0,0,0,0,0
648.369,0,0,0,0,0,0,0,0
648.6546,1,1,0,0,0,0,0,0
648.665,0,0,0,0,0,0,0,0
648.8256,1,0,0,0,0,0,0,0
648.836,0,0,0,0,0,0,0,0
648.9626,1,0,0,0,0,0,0,0
648.973,0,0,0,0,0,0,0,0
649.1236,1,0,0,0,0,0,0,0
649.134,0,0,0,0,0,0,0,0
649.2746,1,0,0,0,0,0,0,0
649.285,0,0,0,0,0,0,0,0
649.4096,1,0,0,0,0,0,0,0
649.42,0,0,0,0,0,0,0,0
649.5776,1,1,0,0,0,0,0,0
649.588,0,0,0,0,0,0,0,0
649.7176,1,0,0,0,0,0,0,0
649.728,0,0,0,0,0,0,0,0
649.8816,1,0,0,0,0,0,0,0
649.892,0,0,0,0,0,0,0,0
650.0456,1,0,0,0,0,0,0,0
650.056,0,0,0,0,0,0,0,0
650.1936,1,0,0,0,0,0,0,0
650.204,0,0,0,0,0,0,0,0
650.3516,1,0,0,0,0,0,0,0
650.362,0,0,0,0,0,0,0,0
650.5046,1,1,0,0,0,0,0,0
650.515,0,0,0,0,0,0,0,0
650.6786,1,0,0,0,0,0,0,0
650.689,0,0,0,0,0,0,0,0
650.8296,1,0,0,0,0,0,0,0
650.84,0,0,0,0,0,0,0,0
650.9936,1,0,0,0,0,0,0,0
651.004,0,0,0,0,0,0,0,0
651.1446,1,1,0,0,0,0,0,0
651.155,0,0,0,0,0,0,0,0
651.2976,1,0,0,0,0,0,0,0
651.308,0,0,0,0,0,0,0,0
651.4746,1,0,0,0,0,0,0,0
651.485,0,0,0,0,0,0,0,0
651.6246,1,0,0,0,0,0,0,0
651.635,0,0,0,0,0,0,0,0
651.7906,1,0,0,0,0,0,0,0
651.801,0,0,0,0,0,0,0,0
651.9536,1,0,0,0,0,0,0,0
651.964,0,0,0,0,0,0,0,0
652.1146,1,1,0,0,0,0,0,0
652.125,0,0,0,0,0,0,0,0
652.4466,1,0,0,0,0,0,0,0
652.457,0,0,0,0,0,0,0,0
652.6056,1,0,0,0,0,0,0,0
652.616,0,0,0,0,0,0,0,0
652.7746,1,0,0,0,0,0,0,0
652.785,0,0,0,0,0,0,0,0
652.9336,1,0,0,0,0,0,0,0
652.944,0,0,0,0,0,0,0,0
653.0886,1,0,0,0,0,0,0,0
653.099,0,0,0,0,0,0,0,0
653.2586,1,1,0,0,0,0,0,0
653.269,0,0,0,0,0,0,0,0
653.4306,1,0,0,0,0,0,0,0
653.441,0,0,0,0,0,0,0,0
653.6006,1,0,0,0,0,0,0,0
653.611,0,0,0,0,0,0,0,0
653.7566,1,0,0,0,0,0,0,0
653.767,0,0,0,0,0,0,0,0
653.9156,1,1,0,0,0,0,0,0
653.926,0,0,0,0,0,0,0,0
654.0966,1,0,0,0,0,0,0,0
654.107,0,0,0,0,0,0,0,0
654.2746,1,0,0,0,0,0,0,0
654.285,0,0,0,0,0,0,0,0
654.4236,1,0,0,0,0,0,0,0
654.434,0,0,0,0,0,0,0,0
654.6096,1,0,0,0,0,0,0,0
654.62,0,0,0,0,0,0,0,0
654.7676,1,0,0,0,0,0,0,0
654.778,0,0,0,0,0,0,0,0
654.9448,1,1,0,0,0,0,0,0
654.955,0,0,0,0,0,0,0,0
655.1086,1,0,0,0,0,0,0,0
655.119,0,0,0,0,0,0,0,0
655.2836,1,0,0,0,0,0,0,0
655.294,0,0,0,0,0,0,0,0
655.4826,1,0,0,0,0,0,0,0
655.493,0,0,0,0,0,0,0,0
655.6076,1,0,0,0,0,0,0,0
655.618,0,0,0,0,0,0,0,0
655.7896,1,0,0,0,0,0,0,0
655.8,0,0,0,0,0,0,0,0
655.9348,1,1,0,0,0,0,0,0
655.945,0,0,0,0,0,0,0,0
656.1236,1,0,0,0,0,0,0,0
656.134,0,0,0,0,0,0,0,0
656.2746,1,0,0,0,0,0,0,0
656.285,0,0,0,0,0,0,0,0
656.4158,1,0,0,0,0,0,0,0
656.426,0,0,0,0,0,0,0,0
656.5898,1,1,0,0,0,0,0,0
656.6,0,0,0,0,0,0,0,0
656.7596,1,0,0,0,0,0,0,0
656.77,0,0,0,0,0,0,0,0
656.8998,1,0,0,0,0,0,0,0
656.91,0,0,0,0,0,0,0,0
657.0768,1,0,0,0,0,0,0,0
657.087,0,0,0,0,0,0,0,0
657.3728,1,0,0,0,0,0,1,0
657.383,0,0,0,0,0,0,0,0
657.6638,1,0,0,0,0,0,1,0
657.674,0,0,0,0,0,0,0,0
659.4848,1,0,0,0,0,0,1,0
659.495,0,0,0,0,0,0,0,0
659.6678,1,0,0,0,0,0,1,0
659.678,0,0,0,0,0,0,0,0
659.8198,1,0,0,0,0,0,1,0
659.83,0,0,0,0,0,0,0,0
659.9888,1,0,0,0,0,0,1,0
659.999,0,0,0,0,0,0,0,0
674.841,1,0,0,0,0,0,1,0
674.851,0,0,0,0,0,0,0,0
675.135,1,0,0,0,0,0,1,0
675.145,0,0,0,0,0,0,0,0
685.3702,1,0,0,0,0,0,1,0
685.38,0,0,0,0,0,0,0,0
687.8952,1,0,0,0,0,0,1,0
687.905,0,0,0,0,0,0,0,0
688.0342,1,0,0,0,0,0,0,0
688.044,0,0,0,0,0,0,0,0
688.1662,1,0,0,0,0,0,0,0
688.176,0,0,0,0,0,0,0,0
688.4512,1,0,0,0,0,0,0,0
688.461,0,0,0,0,0,0,0,0
688.7222,1,1,0,0,0,0,0,0
688.732,0,0,0,0,0,0,0,0
689.0312,1,0,0,0,0,0,0,0
689.041,0,0,0,0,0,0,0,0
689.4762,1,0,0,0,0,0,0,0
689.486,0,0,0,0,0,0,0,0
689.6542,1,0,0,0,0,0,0,0
689.664,0,0,0,0,0,0,0,0
689.9254,1,0,0,0,0,0,0,0
689.935,0,0,0,0,0,0,0,0
690.2332,1,1,0,0,0,0,0,0
690.243,0,0,0,0,0,0,0,0
690.9992,1,0,0,0,0,0,0,0
691.009,0,0,0,0,0,0,0,0
691.3342,1,0,0,0,0,0,0,0
691.344,0,0,0,0,0,0,0,0
691.4924,1,0,0,0,0,0,0,0
691.502,0,0,0,0,0,0,0,0
691.6594,1,0,0,0,0,0,0,0
691.669,0,0,0,0,0,0,0,0
691.8074,1,1,0,0,0,0,0,0
691.817,0,0,0,0,0,0,0,0
692.4544,1,0,0,0,0,0,0,0
692.464,0,0,0,0,0,0,0,0
692.6554,1,0,0,0,0,0,0,0
692.665,0,0,0,0,0,0,0,0
692.8074,1,0,0,0,0,0,0,0
692.817,0,0,0,0,0,0,0,0
692.9544,1,0,0,0,0,0,0,0
692.964,0,0,0,0,0,0,0,0
693.1234,1,0,0,0,0,0,0,0
693.133,0,0,0,0,0,0,0,0
693.6044,1,1,0,0,0,0,0,0
693.614,0,0,0,0,0,0,0,0
693.7964,1,0,0,0,0,0,0,0
693.806,0,0,0,0,0,0,0,0
694.0914,1,0,0,0,0,0,0,0
694.101,0,0,0,0,0,0,0,0
694.2654,1,0,0,0,0,0,0,0
694.275,0,0,0,0,0,0,0,0
694.4084,1,0,0,0,0,0,0,0
694.418,0,0,0,0,0,0,0,0
694.5514,1,1,0,0,0,0,0,0
694.561,0,0,0,0,0,0,0,0
694.9054,1,0,0,0,0,0,0,0
694.915,0,0,0,0,0,0,0,0
695.2254,1,0,0,0,0,0,0,0
695.235,0,0,0,0,0,0,0,0
695.3964,1,0,0,0,0,0,0,0
695.406,0,0,0,0,0,0,0,0
695.6964,1,0,0,0,0,0,0,0
695.706,0,0,0,0,0,0,0,0
695.8494,1,1,0,0,0,0,0,0
695.859,0,0,0,0,0,0,0,0
696.0274,1,0,0,0,0,0,0,0
696.037,0,0,0,0,0,0,0,0
696.1734,1,0,0,0,0,0,0,0
696.183,0,0,0,0,0,0,0,0
696.3554,1,0,0,0,0,0,0,0
696.365,0,0,0,0,0,0,0,0
696.5064,1,1,0,0,0,0,0,0
696.516,0,0,0,0,0,0,0,0
696.8474,1,0,0,0,0,0,0,0
696.857,0,0,0,0,0,0,0,0
697.1664,1,0,0,0,0,0,0,0
697.176,0,0,0,0,0,0,0,0
697.4804,1,0,0,0,0,0,0,0
697.49,0,0,0,0,0,0,0,0
697.6764,1,1,0,0,0,0,0,0
697.686,0,0,0,0,0,0,0,0
697.8564,1,0,0,0,0,0,0,0
697.866,0,0,0,0,0,0,0,0
698.0374,1,0,0,0,0,0,0,0
698.047,0,0,0,0,0,0,0,0
698.1704,1,0,0,0,0,0,0,0
698.18,0,0,0,0,0,0,0,0
698.3464,1,0,0,0,0,0,0,0
698.356,0,0,0,0,0,0,0,0
698.4934,1,1,0,0,0,0,0,0
698.503,0,0,0,0,0,0,0,0
698.6684,1,0,0,0,0,0,0,0
698.678,0,0,0,0,0,0,0,0
698.9834,1,0,0,0,0,0,0,0
698.993,0,0,0,0,0,0,0,0
699.1474,1,0,0,0,0,0,0,0
699.157,0,0,0,0,0,0,0,0
699.4504,1,0,0,0,0,0,0,0
699.46,0,0,0,0,0,0,0,0
699.6124,1,0,0,0,0,0,0,0
699.622,0,0,0,0,0,0,0,0
699.8014,1,1,0,0,0,0,0,0
699.811,0,0,0,0,0,0,0,0
699.9864,1,0,0,0,0,0,0,0
699.996,0,0,0,0,0,0,0,0
700.1374,1,0,0,0,0,0,0,0
700.147,0,0,0,0,0,0,0,0
700.3074,1,0,0,0,0,0,0,0
700.317,0,0,0,0,0,0,0,0
700.4634,1,0,0,0,0,0,0,0
700.4634,1,0,0,0,0,0,0,0
700.473,0,0,0,0,0,0,0,0
700.473,0,0,0,0,0,0,0,0
2483.9598,0,0,0,0,0,0,0,0
